point_id,Lon,Lat,daima,MOD17_sample_Lon,MOD17_sample_Lat
000,95.57850044210679,32.8536357284612,61,95.5810939425798,32.85492125827761
001,95.62790778273336,32.79973681141403,61,95.6300296462992,32.80096202274202
002,95.62341620631277,32.750329470787456,61,95.62500831084269,32.75149939016774
003,95.69977300546293,32.68295582447849,61,95.70230826826082,32.684050345748254
004,95.60994147705098,32.79973681141403,61,95.6086314532222,32.80096202274202
005,95.69078985262173,32.69193897731969,61,95.69057588099066,32.693043551670854
006,95.63689093557456,32.750329470787456,61,95.63570146201539,32.75149939016774
007,95.69528142904232,32.70541370658148,61,95.69435280571616,32.706533360554744
008,95.55155098358321,32.82668626993762,61,95.55204690005881,32.82794164050981
009,95.7491803460895,32.69193897731969,61,95.74934967082226,32.693043551670854
010,95.56053413642441,32.82219469351702,61,95.56326220780495,32.82344503754852
011,95.5695172892656,32.84465257562,61,95.57140727838463,32.84592805235501
012,95.5740088656862,32.81770311709642,61,95.5744769686728,32.81894843458722
013,95.72223088756591,32.70092213016088,61,95.721592368863,32.70203675759345
014,95.71773931114532,32.696430553740285,61,95.7167697308317,32.69754015463215
015,95.84350345092206,32.642531636693114,246,95.84588591692682,32.64358091909656
016,95.76265507535129,32.69193897731969,246,95.76537888623088,32.693043551670854
017,95.86596133302504,32.59312429606654,246,95.86766652411268,32.594118286522274
018,95.7671466517719,32.64702321311371,246,95.77059930999735,32.64807752205786
019,95.35841319749751,32.831177846358216,246,95.35888195674193,32.83243824347112
020,95.26409009266496,33.06473982022929,246,95.26805040568007,33.066261597458656
021,95.78960453387488,32.65600636595491,246,95.79091460980035,32.65707072798046
022,95.97375916711938,32.73236316510506,246,95.97454631808765,32.73351297832254
023,95.78960453387488,32.64702321311371,246,95.79196084395215,32.64807752205786
024,95.28654797476794,33.060248243808694,246,95.29000994565429,33.06176499449736
025,95.47070260801245,32.82219469351702,246,95.47229687549563,32.82344503754852
026,95.97375916711938,32.79973681141403,246,95.97775028380066,32.80096202274202
027,95.52460152505962,32.718888435843276,246,95.52710617258191,32.72002316943865
028,95.03951127163508,33.12313031369706,246,95.04148637052036,33.124717435955546
029,95.97825074353997,32.79524523499343,246,95.9782456330963,32.79646541978072
030,94.460097913378,33.27584391199738,497,94.4599705300057,33.277601936639705
031,94.01992342415943,33.0512650909675,497,94.01954917331051,33.052771788574766
032,94.76552510997863,33.10516400801467,497,94.76972698129482,33.106731024110346
033,94.01543184773882,33.172537654323634,497,94.015273626024,33.174180068529836
034,94.30289273865708,33.68906894269236,497,94.30692193246246,33.69128940907921
035,93.85822667301791,33.316268099782754,497,93.85807557679958,33.318071363291395
036,94.66671042872548,33.01982405602331,497,94.66705083221103,33.02129556784567
037,94.30289273865708,32.91651779834957,497,94.30451410913896,32.91787369973579
038,95.02603654237329,32.84465257562,497,95.02547706016148,32.84592805235501
039,94.68467673440787,33.28931864125917,497,94.68436846315547,33.2910917455236
040,94.12322968183317,33.57677953217742,497,94.12453424018645,33.578874335046734
041,94.63976097020189,33.12313031369706,497,94.63879735834074,33.124717435955546
042,94.53645471252815,33.702543671954146,497,94.53793685306945,33.7047792179631
043,94.94069659038193,32.91651779834957,497,94.94194994403739,32.91787369973579
044,94.65323569946368,33.24889445347379,497,94.656627457422,33.25062231887191
045,94.53645471252815,33.54983007365383,497,94.5375681720653,33.55189471727894
046,94.54094628894875,33.07821454949108,497,94.54208967239799,33.07975140634256
047,94.91823870827895,32.898551492667174,497,94.91730851766461,32.8998872878906
048,93.72347938039998,33.54983007365383,497,93.72823037367698,33.55189471727894
049,94.13670441109497,33.563304802915624,497,94.13680944314764,33.56538452616284
050,94.50950525400457,33.4195743574565,497,94.51385910622766,33.42149323140127
051,94.60831993525771,32.93897568045256,497,94.61245581952443,32.94035671454229
052,94.30289273865708,33.34321755830634,497,94.30699959888776,33.34505098105919
053,95.87494448586624,32.68295582447849,497,95.8786118790495,32.684050345748254
054,94.92722186112015,32.84016099919941,497,94.92967924418583,32.84143144939372
055,94.10077179973018,33.45550696882128,497,94.10031848740206,33.457466055091665
056,95.04400284805568,33.114147160855865,497,95.04786047685923,33.115724230032946
057,95.02154496595269,33.001857750340925,497,95.0230695606232,33.003309156000476
058,95.1697669878324,32.87160203414359,497,95.17216941356608,32.87290767012281
059,94.94069659038193,32.831177846358216,497,94.94146934224074,32.83243824347112
060,94.65772727588428,33.56779637933622,497,94.6597961467482,33.56988112912414
061,94.48704737190157,33.482456427344864,497,94.49084153283951,33.48444567285946
062,94.98112077816731,33.253386029894386,497,94.98412975794685,33.25511892183321
063,94.27145170371288,33.477964850924266,497,94.27568373077297,33.47994906989816
064,94.53645471252815,33.370167016829924,497,94.54084673198749,33.37203059882698
065,93.64263100482923,33.17702923074423,497,93.64402333871287,33.17867667149113
066,95.86596133302504,32.84465257562,497,95.8657814156618,32.84592805235501
067,95.22366590487958,32.99736617392033,497,95.22732553024768,32.99881255303917
068,95.22815748130017,33.02431563244391,497,95.22964796456397,33.02579217080697
069,95.58748359494798,32.664989518796105,497,95.58689511773261,32.666063933903054
070,94.86433979123177,32.898551492667174,497,94.86375336218643,32.8998872878906
071,94.15467071677735,33.18152080716483,497,94.1538692101157,33.18317327445243
072,95.16527541141181,33.087197702332276,497,95.16896181003946,33.08874461226515
073,94.55442101821053,33.73398470689833,497,94.55143012551552,33.73175883573089
074,95.10688491794404,32.90753464550837,497,95.10905480254702,32.9088804938132
075,94.32535062076006,33.172537654323634,497,94.32686209590776,33.174180068529836
076,95.3853626560211,32.79973681141403,497,95.38929997418282,32.80096202274202
077,94.51399683042516,33.20847026568841,497,94.51609647394632,33.21015289222022
078,94.55891259463114,33.66661106058937,497,94.56321486024821,33.668806394272714
079,93.57525735852026,33.37465859325052,497,93.57649193059412,33.37652720178828
080,95.0170533895321,32.831177846358216,497,95.01638955509993,32.83243824347112
081,94.41967372559262,33.64415317848638,497,94.419677655867,33.64632337946622
082,94.91374713185834,32.98838302107913,497,94.91740736512881,32.98981934711658
083,94.41518214917201,33.729493130477735,497,94.41131127966169,33.7272622327696
084,94.32984219718065,33.675594213430564,497,94.32994798202957,33.67779960019531
085,95.99172547280178,32.88507676340539,497,95.99521499912179,32.8863974790067
086,93.81780248523253,33.43754066313889,497,93.82215444057591,33.439479643246464
087,94.38374111422783,33.63517002564519,497,94.38821231393543,33.63733017354362
088,94.84188190912879,33.235419724212,497,94.84631160943323,33.23713250998802
089,95.62790778273336,32.664989518796105,497,95.62962678249184,32.666063933903054
090,94.50950525400457,33.49143958018606,497,94.51143848390959,33.49343887878205
091,94.54543786536934,33.35669228756813,497,94.54772447457172,33.35854078994309
092,94.33882535002185,33.26686075915618,497,94.34268144272602,33.26860873071711
093,93.98399081279464,33.09618085517347,497,93.9871041541548,33.09773781818775
094,94.86433979123177,33.30279337052096,497,94.86579917007539,33.3045815544075
095,95.1832417170942,33.01533247960271,497,95.18239540040575,33.01679896488437
096,94.97213762532611,33.2399113006326,497,94.97484618765952,33.24162911294932
097,94.71162619293145,33.64415317848638,497,94.71135846513123,33.64632337946622
098,95.80307926313667,32.90753464550837,497,95.80534253494339,32.9088804938132
099,94.47806421906039,32.91651779834957,497,94.48128202974102,32.91787369973579
100,93.77737829744716,33.27584391199738,497,93.77689205871536,33.277601936639705
101,93.77288672102655,33.44203223955949,497,93.77312877369421,33.44397624620777
102,95.06646073015867,33.29381021767977,497,95.06582607842897,33.295588348484905
103,95.12035964720583,32.92550095119076,497,95.12302808628468,32.92686690565839
104,95.9513012850164,32.696430553740285,497,95.95187673325663,32.69754015463215
105,95.01256181311149,32.88058518698479,497,95.01583830320918,32.88190087604541
106,93.61118996988505,33.07821454949108,497,93.6136954870391,33.07975140634256
107,94.68467673440787,33.39711647535351,497,94.6886827675705,33.399010216594775
108,94.47357264263978,33.77440889468371,497,94.47165099019337,33.77222826238258
109,94.40619899633082,33.221944994950206,497,94.40703817642138,33.22364270110412
110,94.11424652899197,33.536355344392035,497,94.11820605446958,33.538404908395044
111,93.94805820142986,33.311776523362155,497,93.95008841188852,33.3135747603301
112,95.53807625432141,32.831177846358216,497,95.54083104511423,32.83243824347112
113,93.77288672102655,33.10516400801467,497,93.77663079110982,33.106731024110346
114,94.90476397901715,33.20847026568841,497,94.90842927745588,33.21015289222022
115,94.11873810541258,33.27584391199738,497,94.12112057968058,33.277601936639705
116,94.87332294407297,32.8491441520406,497,94.8750688698473,32.85042465531631
117,95.51561837221843,32.835669422778814,497,95.51891121304344,32.83693484643242
118,95.57850044210679,32.79524523499343,497,95.58239908152005,32.79646541978072
119,94.21755278666572,33.203978689267814,497,94.22103727021927,33.205656289258926
120,93.75941199176476,33.02431563244391,497,93.7601441245878,33.02579217080697
121,95.26409009266496,32.80422838783463,497,95.26572956521781,32.805458625703324
122,94.14568756393615,33.060248243808694,497,94.14719177826596,33.06176499449736
123,94.59484520599592,33.77440889468371,497,94.59065825347744,33.77222826238258
124,95.2101911756178,33.16355450148244,497,95.21425310162238,33.16518686260723
125,93.66059731051162,33.21745341852961,497,93.66043950398534,33.21914609814282
126,94.48704737190157,33.72500155405714,497,94.48205347297662,33.7227656298083
127,94.4421316076956,33.46449012166248,497,94.44427717963373,33.46645926101426
128,94.58586205315473,33.446523815980086,497,94.58636145191622,33.448472849169065
129,93.63364785198803,33.590254261439206,497,93.63722627219987,33.59236414393063
130,94.49603052474276,32.947958833293754,497,94.49883427468146,32.94934992046488
131,94.67569358156668,32.90304306908777,497,94.67576188761372,32.904383890851896
132,93.79983617955014,33.19050396000602,497,93.80352363260731,33.19216648037503
133,93.59771524062324,33.43304908671829,497,93.6017603582227,33.43498304028517
134,93.80432775597073,33.392624898932915,497,93.80589899679143,33.39451361363348
135,93.98848238921524,33.40160805177411,497,93.98797100320209,33.40350681955608
136,94.13670441109497,33.06473982022929,497,94.13590508480274,33.066261597458656
137,94.03788972984181,33.451015392400684,497,94.0415446350628,33.45296945213037
138,94.58137047673412,32.92999252761136,497,94.58140623687534,32.9313635086197
139,94.80145772134341,33.338725981885744,497,94.80269842338137,33.34055437809789
140,94.53645471252815,33.06923139664989,497,94.53779148795526,33.07075820041996
141,94.54543786536934,33.504914309447855,497,94.54773908122117,33.506928687665955
142,94.90925555543775,32.867110457722994,497,94.91036948494492,32.86841106716151
143,94.437640031275,33.74745943616013,497,94.43651413461978,33.74524864461479
144,94.52747155968696,32.93448410403196,497,94.52727994207052,32.93586011158099
145,95.08442703584106,33.15007977222064,497,95.08682031742997,33.15169705372334
146,94.25348539803049,33.21745341852961,497,94.25706165376467,33.21914609814282
147,93.62466469914683,33.54983007365383,497,93.6257142525478,33.55189471727894
148,94.77899983924041,32.889568339825985,497,94.77915322631546,32.890894081968
149,95.61443305347157,32.723380012263874,497,95.61744272517758,32.724519772399944
150,94.10975495257138,33.43304908671829,497,94.11364932510774,33.43498304028517
151,94.88679767333475,32.89405991624658,497,94.88571377905895,32.8953906849293
152,93.71898780397939,33.46898169808308,497,93.72145443216546,33.470955863975554
153,94.23102751592751,33.21745341852961,497,94.23018678215297,33.21914609814282
154,95.07095230657926,33.280335488417975,497,95.07264632260002,33.282098539601
155,95.29103955118855,32.92999252761136,497,95.29394314627672,32.9313635086197
156,95.27756482192676,32.82668626993762,497,95.27913708685564,32.82794164050981
157,95.08442703584106,32.91651779834957,497,95.08657824271181,32.91787369973579
158,94.77450826281982,32.90753464550837,497,94.77697911478876,32.9088804938132
159,95.1787501406736,32.943467256873156,497,95.179882329632,32.944853317503586
160,95.21468275203839,33.01084090318212,497,95.2150781000033,33.01230236192307
161,94.6442525466225,33.24440287705319,497,94.64638078082172,33.246125715910615
162,94.64874412304309,33.590254261439206,497,94.65207194677637,33.59236414393063
163,94.37924953780723,33.729493130477735,497,94.37887176856886,33.7272622327696
164,93.69652992187639,33.26686075915618,497,93.69731944079017,33.26860873071711
165,94.54992944178994,32.98838302107913,497,94.55286169119223,32.98981934711658
166,94.52297998326635,33.060248243808694,497,94.52276582388654,33.06176499449736
167,94.83739033270818,33.087197702332276,497,94.84157547013116,33.08874461226515
168,93.72347938039998,33.55432165007443,497,93.72771336190962,33.55639132024024
169,94.34331692644245,33.26236918273558,497,94.34320196739469,33.264112127755816
170,94.53196313610755,33.504914309447855,497,94.53156074067782,33.506928687665955
171,95.62790778273336,32.808719964255225,499,95.62900538829797,32.80995522866462
172,94.95866289606433,33.06923139664989,499,94.96169694182832,33.07075820041996
173,96.02316650774596,32.70541370658148,499,96.02567333266879,32.706533360554744
174,95.96477601427819,32.664989518796105,499,95.96613864247078,32.666063933903054
175,95.64587408841575,32.76829577646985,499,95.64967443426177,32.76948580201293
176,95.97375916711938,32.81770311709642,499,95.97577429769095,32.81894843458722
177,95.9513012850164,32.777278929311045,499,95.95349145933079,32.77847900793553
178,95.77163822819249,32.786262082152234,499,95.77063721894596,32.78747221385813
179,95.97375916711938,32.76380420004925,499,95.97638083875643,32.764989199051634
180,95.7581634989307,32.727871588684465,499,95.76124124647367,32.72901637536124
181,95.65934881767755,32.79973681141403,499,95.66212693591473,32.80096202274202
182,95.81206241597786,32.71439685942268,499,95.81088859252736,32.715526566477344
183,94.90476397901715,33.055756667388096,499,94.90422255119691,33.05726839153606
184,95.01256181311149,33.06473982022929,499,95.01586637685907,33.066261597458656
185,94.95866289606433,33.0512650909675,499,94.95838837544304,33.052771788574766
186,93.63364785198803,33.50940588586845,504,93.63583194208806,33.51142529062725
187,93.59322366420265,33.63067844922459,504,93.59478933231817,33.63283357058232
188,93.57525735852026,33.51389746228905,504,93.57597842769415,33.51592189358855
189,94.26246855087169,32.91651779834957,504,94.26166127990209,32.91787369973579
190,93.74593726250296,33.698052095533555,504,93.7492798242975,33.700282615001804
191,93.62915627556742,33.446523815980086,504,93.63248317383174,33.448472849169065
192,93.65610573409101,33.51389746228905,504,93.656878538349,33.51592189358855
193,94.15467071677735,33.49593115660666,504,94.15506848384796,33.497935481743355
194,94.33433377360126,33.114147160855865,504,94.3338317492918,33.115724230032946
195,93.64712258124982,33.648644754906975,504,93.6521557617099,33.650819982427514
196,94.35230007928365,33.09618085517347,504,94.35209675341149,33.09773781818775
197,94.6128115116783,33.41059120461531,504,94.61719652364964,33.41250002547867
198,93.53483317073488,33.536355344392035,504,93.53557379698422,33.538404908395044
199,93.59322366420265,33.45999854524188,504,93.59315098219608,33.46196265805296
200,93.8941592843827,33.5992374142804,504,93.89532974517175,33.60135734985323
201,94.31187589149826,32.93897568045256,504,94.31240977097194,32.94035671454229
202,93.76839514460596,33.50042273302726,504,93.77169954129079,33.50243208470465
203,94.2400106687687,33.671102637009966,504,94.24396758709068,33.67330299723401
204,93.60669839346444,33.172537654323634,504,93.60698528617634,33.174180068529836
205,94.08729707046838,33.671102637009966,504,94.08727506423364,33.67330299723401
206,93.90314243722389,33.43754066313889,504,93.90298320285979,33.439479643246464
207,94.0783139176272,33.62169529638339,504,94.08182682614874,33.62384036465972
208,93.71000465113819,33.63067844922459,504,93.71360363951938,33.63283357058232
209,94.09628022330958,33.563304802915624,504,94.09903444657016,33.56538452616284
210,93.51237528863189,33.58576268501861,504,93.51359341616259,33.58786754096933
211,93.84475194375612,33.17702923074423,504,93.84817798356673,33.17867667149113
212,94.069330764786,33.603728990701,504,94.07299317492291,33.60585395281453
213,94.15467071677735,33.14109661937945,504,94.1587547513976,33.142703847800746
214,94.44662318411619,33.563304802915624,504,94.44980227193253,33.56538452616284
215,95.80307926313667,32.867110457722994,556,95.80442297173937,32.86841106716151
216,94.22653593950692,33.29381021767977,556,94.2265961084466,33.295588348484905
217,94.66671042872548,33.46449012166248,556,94.67066813674688,33.46645926101426
218,94.95417131964372,33.26686075915618,556,94.9557753445651,33.26860873071711
219,95.32248058613273,33.15007977222064,556,95.3231371735035,33.15169705372334
220,94.37026638496603,32.99736617392033,556,94.36948358549438,32.99881255303917
221,95.46171945517125,32.71439685942268,556,95.46350140887822,32.715526566477344
222,95.89291079154863,32.669481095216696,556,95.89618382727244,32.67056053686436
223,93.95254977785046,33.338725981885744,556,93.95227049331149,33.34055437809789
224,94.09178864688899,33.0512650909675,556,94.09465630948111,33.052771788574766
225,94.8194240270258,32.96592513897614,556,94.82356769094982,32.96733633231008
226,95.87045290944563,32.754821047208054,556,95.87044436144258,32.755995993129034
227,93.97051608353284,33.316268099782754,556,93.9710779733391,33.318071363291395
228,94.51399683042516,32.90753464550837,556,94.51453220027012,32.9088804938132
229,94.78349141566102,32.93448410403196,556,94.78444919319371,32.93586011158099
230,94.68018515798727,33.07821454949108,556,94.68161712222071,33.07975140634256
231,94.2400106687687,33.316268099782754,556,94.24013129843327,33.318071363291395
232,94.67569358156668,32.93897568045256,556,94.67675140135711,32.94035671454229
233,94.68467673440787,33.756442589001324,556,94.6843834554576,33.75424185053739
234,94.460097913378,33.07821454949108,556,94.46159306673103,33.07975140634256
235,94.15916229319795,33.34321755830634,556,94.16166580277269,33.34505098105919
236,94.84637348554938,32.82668626993762,556,94.84569208941532,32.82794164050981
237,94.12772125825377,33.334234405465146,556,94.13041415554699,33.336057775136595
238,94.40619899633082,33.338725981885744,556,94.40977918986808,33.34055437809789
239,95.58299201852739,32.64702321311371,556,95.58368588789288,32.64807752205786
240,93.71000465113819,33.280335488417975,556,93.711797851662,33.282098539601
241,94.13670441109497,33.32075967620335,556,94.13736657078822,33.3225679662527
242,94.38823269064842,32.96143356255554,556,94.38999524084673,32.96283972934879
243,95.43926157306826,32.754821047208054,556,95.44269671911545,32.755995993129034
244,95.53807625432141,32.65600636595491,556,95.53989133821838,32.65707072798046
245,94.14568756393615,33.35220071114754,556,94.14985991216722,33.35404418698179
246,94.15916229319795,33.29830179410037,556,94.16151397411541,33.3000849514462
