draw_id,selection_seed,row_order,sample_id,point_id,Lon,Lat,Year,Month,split,target_original_row_index,veg_class
EXPLAINED_E2,202607271002,0,43587,172,94.9586628961,33.0692313966,2025,4,test,291,Veg_Meadow_499
EXPLAINED_E2,202607271002,1,43566,172,94.9586628961,33.0692313966,2023,7,test,270,Veg_Meadow_499
EXPLAINED_E2,202607271002,2,43548,172,94.9586628961,33.0692313966,2022,1,test,252,Veg_Meadow_499
EXPLAINED_E2,202607271002,3,43583,172,94.9586628961,33.0692313966,2024,12,test,287,Veg_Meadow_499
EXPLAINED_E2,202607271002,4,18866,074,95.1068849179,32.9075346455,2023,3,test,266,Veg_Meadow_497
EXPLAINED_E2,202607271002,5,18895,074,95.1068849179,32.9075346455,2025,8,test,295,Veg_Meadow_497
EXPLAINED_E2,202607271002,6,18861,074,95.1068849179,32.9075346455,2022,10,test,261,Veg_Meadow_497
EXPLAINED_E2,202607271002,7,18884,074,95.1068849179,32.9075346455,2024,9,test,284,Veg_Meadow_497
EXPLAINED_E2,202607271002,8,27457,108,94.4735726426,33.7744088947,2025,2,test,289,Veg_Meadow_497
EXPLAINED_E2,202607271002,9,27425,108,94.4735726426,33.7744088947,2022,6,test,257,Veg_Meadow_497
EXPLAINED_E2,202607271002,10,27454,108,94.4735726426,33.7744088947,2024,11,test,286,Veg_Meadow_497
EXPLAINED_E2,202607271002,11,27436,108,94.4735726426,33.7744088947,2023,5,test,268,Veg_Meadow_497
EXPLAINED_E2,202607271002,12,58927,233,94.6846767344,33.756442589,2022,8,test,259,Veg_Sparse
EXPLAINED_E2,202607271002,13,58938,233,94.6846767344,33.756442589,2023,7,test,270,Veg_Sparse
EXPLAINED_E2,202607271002,14,58965,233,94.6846767344,33.756442589,2025,10,test,297,Veg_Sparse
EXPLAINED_E2,202607271002,15,58949,233,94.6846767344,33.756442589,2024,6,test,281,Veg_Sparse
EXPLAINED_E2,202607271002,16,19119,075,94.3253506208,33.1725376543,2023,4,test,267,Veg_Meadow_497
EXPLAINED_E2,202607271002,17,19115,075,94.3253506208,33.1725376543,2022,12,test,263,Veg_Meadow_497
EXPLAINED_E2,202607271002,18,19140,075,94.3253506208,33.1725376543,2025,1,test,288,Veg_Meadow_497
EXPLAINED_E2,202607271002,19,19129,075,94.3253506208,33.1725376543,2024,2,test,277,Veg_Meadow_497
EXPLAINED_E2,202607271002,20,37256,147,93.6246646991,33.5498300737,2022,9,test,260,Veg_Meadow_497
EXPLAINED_E2,202607271002,21,37288,147,93.6246646991,33.5498300737,2025,5,test,292,Veg_Meadow_497
EXPLAINED_E2,202607271002,22,37270,147,93.6246646991,33.5498300737,2023,11,test,274,Veg_Meadow_497
EXPLAINED_E2,202607271002,23,37274,147,93.6246646991,33.5498300737,2024,3,test,278,Veg_Meadow_497
EXPLAINED_E2,202607271002,24,60687,240,93.7100046511,33.2803354884,2022,4,test,255,Veg_Sparse
EXPLAINED_E2,202607271002,25,60710,240,93.7100046511,33.2803354884,2024,3,test,278,Veg_Sparse
EXPLAINED_E2,202607271002,26,60720,240,93.7100046511,33.2803354884,2025,1,test,288,Veg_Sparse
EXPLAINED_E2,202607271002,27,60707,240,93.7100046511,33.2803354884,2023,12,test,275,Veg_Sparse
EXPLAINED_E2,202607271002,28,8022,031,94.0199234242,33.051265091,2022,7,test,258,Veg_Meadow_497
EXPLAINED_E2,202607271002,29,8045,031,94.0199234242,33.051265091,2024,6,test,281,Veg_Meadow_497
EXPLAINED_E2,202607271002,30,8061,031,94.0199234242,33.051265091,2025,10,test,297,Veg_Meadow_497
EXPLAINED_E2,202607271002,31,8035,031,94.0199234242,33.051265091,2023,8,test,271,Veg_Meadow_497
EXPLAINED_E2,202607271002,32,2744,010,95.5605341364,32.8221946935,2023,9,test,272,Veg_Coniferous
EXPLAINED_E2,202607271002,33,2725,010,95.5605341364,32.8221946935,2022,2,test,253,Veg_Coniferous
EXPLAINED_E2,202607271002,34,2758,010,95.5605341364,32.8221946935,2024,11,test,286,Veg_Coniferous
EXPLAINED_E2,202607271002,35,2764,010,95.5605341364,32.8221946935,2025,5,test,292,Veg_Coniferous
EXPLAINED_E2,202607271002,36,40811,161,94.6442525466,33.2444028771,2024,12,test,287,Veg_Meadow_497
EXPLAINED_E2,202607271002,37,40815,161,94.6442525466,33.2444028771,2025,4,test,291,Veg_Meadow_497
EXPLAINED_E2,202607271002,38,40782,161,94.6442525466,33.2444028771,2022,7,test,258,Veg_Meadow_497
EXPLAINED_E2,202607271002,39,40788,161,94.6442525466,33.2444028771,2023,1,test,264,Veg_Meadow_497
EXPLAINED_E2,202607271002,40,39056,154,95.0709523066,33.2803354884,2025,9,test,296,Veg_Meadow_497
EXPLAINED_E2,202607271002,41,39033,154,95.0709523066,33.2803354884,2023,10,test,273,Veg_Meadow_497
EXPLAINED_E2,202607271002,42,39017,154,95.0709523066,33.2803354884,2022,6,test,257,Veg_Meadow_497
EXPLAINED_E2,202607271002,43,39038,154,95.0709523066,33.2803354884,2024,3,test,278,Veg_Meadow_497
EXPLAINED_E2,202607271002,44,1735,006,95.6368909356,32.7503294708,2023,8,test,271,Veg_Coniferous
EXPLAINED_E2,202607271002,45,1745,006,95.6368909356,32.7503294708,2024,6,test,281,Veg_Coniferous
EXPLAINED_E2,202607271002,46,1754,006,95.6368909356,32.7503294708,2025,3,test,290,Veg_Coniferous
EXPLAINED_E2,202607271002,47,1716,006,95.6368909356,32.7503294708,2022,1,test,252,Veg_Coniferous
EXPLAINED_E2,202607271002,48,2010,007,95.695281429,32.7054137066,2025,7,test,294,Veg_Coniferous
EXPLAINED_E2,202607271002,49,2001,007,95.695281429,32.7054137066,2024,10,test,285,Veg_Coniferous
EXPLAINED_E2,202607271002,50,1991,007,95.695281429,32.7054137066,2023,12,test,275,Veg_Coniferous
EXPLAINED_E2,202607271002,51,1971,007,95.695281429,32.7054137066,2022,4,test,255,Veg_Coniferous
EXPLAINED_E2,202607271002,52,1510,005,95.6907898526,32.6919389773,2025,11,test,298,Veg_Coniferous
EXPLAINED_E2,202607271002,53,1480,005,95.6907898526,32.6919389773,2023,5,test,268,Veg_Coniferous
EXPLAINED_E2,202607271002,54,1465,005,95.6907898526,32.6919389773,2022,2,test,253,Veg_Coniferous
EXPLAINED_E2,202607271002,55,1496,005,95.6907898526,32.6919389773,2024,9,test,284,Veg_Coniferous
EXPLAINED_E2,202607271002,56,53662,212,94.0693307648,33.6037289907,2024,11,test,286,Veg_Meadow_504
EXPLAINED_E2,202607271002,57,53647,212,94.0693307648,33.6037289907,2023,8,test,271,Veg_Meadow_504
EXPLAINED_E2,202607271002,58,53665,212,94.0693307648,33.6037289907,2025,2,test,289,Veg_Meadow_504
EXPLAINED_E2,202607271002,59,53632,212,94.0693307648,33.6037289907,2022,5,test,256,Veg_Meadow_504
EXPLAINED_E2,202607271002,60,36265,143,94.4376400313,33.7474594362,2024,2,test,277,Veg_Meadow_497
EXPLAINED_E2,202607271002,61,36280,143,94.4376400313,33.7474594362,2025,5,test,292,Veg_Meadow_497
EXPLAINED_E2,202607271002,62,36262,143,94.4376400313,33.7474594362,2023,11,test,274,Veg_Meadow_497
EXPLAINED_E2,202607271002,63,36251,143,94.4376400313,33.7474594362,2022,12,test,263,Veg_Meadow_497
EXPLAINED_E2,202607271002,64,21631,085,95.9917254728,32.8850767634,2022,8,test,259,Veg_Meadow_497
EXPLAINED_E2,202607271002,65,21639,085,95.9917254728,32.8850767634,2023,4,test,267,Veg_Meadow_497
EXPLAINED_E2,202607271002,66,21660,085,95.9917254728,32.8850767634,2025,1,test,288,Veg_Meadow_497
EXPLAINED_E2,202607271002,67,21654,085,95.9917254728,32.8850767634,2024,7,test,282,Veg_Meadow_497
EXPLAINED_E2,202607271002,68,7268,028,95.0395112716,33.1231303137,2022,9,test,260,Veg_Shrub
EXPLAINED_E2,202607271002,69,7286,028,95.0395112716,33.1231303137,2024,3,test,278,Veg_Shrub
EXPLAINED_E2,202607271002,70,7301,028,95.0395112716,33.1231303137,2025,6,test,293,Veg_Shrub
EXPLAINED_E2,202607271002,71,7281,028,95.0395112716,33.1231303137,2023,10,test,273,Veg_Shrub
EXPLAINED_E2,202607271002,72,50124,198,93.5348331707,33.5363553444,2024,1,test,276,Veg_Meadow_504
EXPLAINED_E2,202607271002,73,50142,198,93.5348331707,33.5363553444,2025,7,test,294,Veg_Meadow_504
EXPLAINED_E2,202607271002,74,50108,198,93.5348331707,33.5363553444,2022,9,test,260,Veg_Meadow_504
EXPLAINED_E2,202607271002,75,50114,198,93.5348331707,33.5363553444,2023,3,test,266,Veg_Meadow_504
EXPLAINED_E2,202607271002,76,29481,116,94.8733229441,32.849144152,2025,10,test,297,Veg_Meadow_497
EXPLAINED_E2,202607271002,77,29467,116,94.8733229441,32.849144152,2024,8,test,283,Veg_Meadow_497
EXPLAINED_E2,202607271002,78,29458,116,94.8733229441,32.849144152,2023,11,test,274,Veg_Meadow_497
EXPLAINED_E2,202607271002,79,29437,116,94.8733229441,32.849144152,2022,2,test,253,Veg_Meadow_497
EXPLAINED_E2,202607271002,80,24663,097,94.7116261929,33.6441531785,2023,4,test,267,Veg_Meadow_497
EXPLAINED_E2,202607271002,81,24695,097,94.7116261929,33.6441531785,2025,12,test,299,Veg_Meadow_497
EXPLAINED_E2,202607271002,82,24676,097,94.7116261929,33.6441531785,2024,5,test,280,Veg_Meadow_497
EXPLAINED_E2,202607271002,83,24653,097,94.7116261929,33.6441531785,2022,6,test,257,Veg_Meadow_497
EXPLAINED_E2,202607271002,84,59701,236,94.8463734855,32.8266862699,2024,2,test,277,Veg_Sparse
EXPLAINED_E2,202607271002,85,59716,236,94.8463734855,32.8266862699,2025,5,test,292,Veg_Sparse
EXPLAINED_E2,202607271002,86,59698,236,94.8463734855,32.8266862699,2023,11,test,274,Veg_Sparse
EXPLAINED_E2,202607271002,87,59684,236,94.8463734855,32.8266862699,2022,9,test,260,Veg_Sparse
EXPLAINED_E2,202607271002,88,999,003,95.6997730055,32.6829558245,2025,4,test,291,Veg_Coniferous
EXPLAINED_E2,202607271002,89,971,003,95.6997730055,32.6829558245,2022,12,test,263,Veg_Coniferous
EXPLAINED_E2,202607271002,90,986,003,95.6997730055,32.6829558245,2024,3,test,278,Veg_Coniferous
EXPLAINED_E2,202607271002,91,977,003,95.6997730055,32.6829558245,2023,6,test,269,Veg_Coniferous
EXPLAINED_E2,202607271002,92,50613,200,93.8941592844,33.5992374143,2022,10,test,261,Veg_Meadow_504
EXPLAINED_E2,202607271002,93,50627,200,93.8941592844,33.5992374143,2023,12,test,275,Veg_Meadow_504
EXPLAINED_E2,202607271002,94,50645,200,93.8941592844,33.5992374143,2025,6,test,293,Veg_Meadow_504
EXPLAINED_E2,202607271002,95,50631,200,93.8941592844,33.5992374143,2024,4,test,279,Veg_Meadow_504
EXPLAINED_E2,202607271002,96,57174,226,95.8704529094,32.7548210472,2023,7,test,270,Veg_Sparse
EXPLAINED_E2,202607271002,97,57199,226,95.8704529094,32.7548210472,2025,8,test,295,Veg_Sparse
EXPLAINED_E2,202607271002,98,57180,226,95.8704529094,32.7548210472,2024,1,test,276,Veg_Sparse
EXPLAINED_E2,202607271002,99,57164,226,95.8704529094,32.7548210472,2022,9,test,260,Veg_Sparse
EXPLAINED_E2,202607271002,100,39804,157,95.0844270358,32.9165177983,2025,1,test,288,Veg_Meadow_497
EXPLAINED_E2,202607271002,101,39782,157,95.0844270358,32.9165177983,2023,3,test,266,Veg_Meadow_497
EXPLAINED_E2,202607271002,102,39798,157,95.0844270358,32.9165177983,2024,7,test,282,Veg_Meadow_497
EXPLAINED_E2,202607271002,103,39778,157,95.0844270358,32.9165177983,2022,11,test,262,Veg_Meadow_497
EXPLAINED_E2,202607271002,104,60465,239,95.5829920185,32.6470232131,2024,10,test,285,Veg_Sparse
EXPLAINED_E2,202607271002,105,60472,239,95.5829920185,32.6470232131,2025,5,test,292,Veg_Sparse
EXPLAINED_E2,202607271002,106,60445,239,95.5829920185,32.6470232131,2023,2,test,265,Veg_Sparse
EXPLAINED_E2,202607271002,107,60442,239,95.5829920185,32.6470232131,2022,11,test,262,Veg_Sparse
EXPLAINED_E2,202607271002,108,12091,047,94.9182387083,32.8985514927,2025,8,test,295,Veg_Meadow_497
EXPLAINED_E2,202607271002,109,12068,047,94.9182387083,32.8985514927,2023,9,test,272,Veg_Meadow_497
EXPLAINED_E2,202607271002,110,12059,047,94.9182387083,32.8985514927,2022,12,test,263,Veg_Meadow_497
EXPLAINED_E2,202607271002,111,12075,047,94.9182387083,32.8985514927,2024,4,test,279,Veg_Meadow_497
EXPLAINED_E2,202607271002,112,15844,062,94.9811207782,33.2533860299,2023,5,test,268,Veg_Meadow_497
EXPLAINED_E2,202607271002,113,15858,062,94.9811207782,33.2533860299,2024,7,test,282,Veg_Meadow_497
EXPLAINED_E2,202607271002,114,15865,062,94.9811207782,33.2533860299,2025,2,test,289,Veg_Meadow_497
EXPLAINED_E2,202607271002,115,15830,062,94.9811207782,33.2533860299,2022,3,test,254,Veg_Meadow_497
EXPLAINED_E2,202607271002,116,53155,210,93.5123752886,33.585762685,2024,8,test,283,Veg_Meadow_504
EXPLAINED_E2,202607271002,117,53169,210,93.5123752886,33.585762685,2025,10,test,297,Veg_Meadow_504
EXPLAINED_E2,202607271002,118,53124,210,93.5123752886,33.585762685,2022,1,test,252,Veg_Meadow_504
EXPLAINED_E2,202607271002,119,53141,210,93.5123752886,33.585762685,2023,6,test,269,Veg_Meadow_504
EXPLAINED_E2,202607271002,120,16865,066,95.865961333,32.8446525756,2024,6,test,281,Veg_Meadow_497
EXPLAINED_E2,202607271002,121,16845,066,95.865961333,32.8446525756,2022,10,test,261,Veg_Meadow_497
EXPLAINED_E2,202607271002,122,16848,066,95.865961333,32.8446525756,2023,1,test,264,Veg_Meadow_497
EXPLAINED_E2,202607271002,123,16880,066,95.865961333,32.8446525756,2025,9,test,296,Veg_Meadow_497
EXPLAINED_E2,202607271002,124,51145,202,93.7683951446,33.500422733,2025,2,test,289,Veg_Meadow_504
EXPLAINED_E2,202607271002,125,51126,202,93.7683951446,33.500422733,2023,7,test,270,Veg_Meadow_504
EXPLAINED_E2,202607271002,126,51110,202,93.7683951446,33.500422733,2022,3,test,254,Veg_Meadow_504
EXPLAINED_E2,202607271002,127,51143,202,93.7683951446,33.500422733,2024,12,test,287,Veg_Meadow_504
EXPLAINED_E2,202607271002,128,30987,122,94.1456875639,33.0602482438,2025,4,test,291,Veg_Meadow_497
EXPLAINED_E2,202607271002,129,30952,122,94.1456875639,33.0602482438,2022,5,test,256,Veg_Meadow_497
EXPLAINED_E2,202607271002,130,30970,122,94.1456875639,33.0602482438,2023,11,test,274,Veg_Meadow_497
EXPLAINED_E2,202607271002,131,30979,122,94.1456875639,33.0602482438,2024,8,test,283,Veg_Meadow_497
EXPLAINED_E2,202607271002,132,4523,017,95.865961333,32.5931242961,2024,12,test,287,Veg_Shrub
EXPLAINED_E2,202607271002,133,4498,017,95.865961333,32.5931242961,2022,11,test,262,Veg_Shrub
EXPLAINED_E2,202607271002,134,4500,017,95.865961333,32.5931242961,2023,1,test,264,Veg_Shrub
EXPLAINED_E2,202607271002,135,4527,017,95.865961333,32.5931242961,2025,4,test,291,Veg_Shrub
EXPLAINED_E2,202607271002,136,8552,033,94.0154318477,33.1725376543,2024,9,test,284,Veg_Meadow_497
EXPLAINED_E2,202607271002,137,8529,033,94.0154318477,33.1725376543,2022,10,test,261,Veg_Meadow_497
EXPLAINED_E2,202607271002,138,8537,033,94.0154318477,33.1725376543,2023,6,test,269,Veg_Meadow_497
EXPLAINED_E2,202607271002,139,8558,033,94.0154318477,33.1725376543,2025,3,test,290,Veg_Meadow_497
EXPLAINED_E2,202607271002,140,14334,056,95.0440028481,33.1141471609,2023,7,test,270,Veg_Meadow_497
EXPLAINED_E2,202607271002,141,14317,056,95.0440028481,33.1141471609,2022,2,test,253,Veg_Meadow_497
EXPLAINED_E2,202607271002,142,14363,056,95.0440028481,33.1141471609,2025,12,test,299,Veg_Meadow_497
EXPLAINED_E2,202607271002,143,14340,056,95.0440028481,33.1141471609,2024,1,test,276,Veg_Meadow_497
EXPLAINED_E2,202607271002,144,13312,052,94.3028927387,33.3432175583,2022,5,test,256,Veg_Meadow_497
EXPLAINED_E2,202607271002,145,13339,052,94.3028927387,33.3432175583,2024,8,test,283,Veg_Meadow_497
EXPLAINED_E2,202607271002,146,13353,052,94.3028927387,33.3432175583,2025,10,test,297,Veg_Meadow_497
EXPLAINED_E2,202607271002,147,13326,052,94.3028927387,33.3432175583,2023,7,test,270,Veg_Meadow_497
EXPLAINED_E2,202607271002,148,41055,162,94.648744123,33.5902542614,2024,4,test,279,Veg_Meadow_497
EXPLAINED_E2,202607271002,149,41042,162,94.648744123,33.5902542614,2023,3,test,266,Veg_Meadow_497
EXPLAINED_E2,202607271002,150,41074,162,94.648744123,33.5902542614,2025,11,test,298,Veg_Meadow_497
EXPLAINED_E2,202607271002,151,41029,162,94.648744123,33.5902542614,2022,2,test,253,Veg_Meadow_497
EXPLAINED_E2,202607271002,152,6760,026,95.9737591671,32.7997368114,2022,5,test,256,Veg_Shrub
EXPLAINED_E2,202607271002,153,6775,026,95.9737591671,32.7997368114,2023,8,test,271,Veg_Shrub
EXPLAINED_E2,202607271002,154,6786,026,95.9737591671,32.7997368114,2024,7,test,282,Veg_Shrub
EXPLAINED_E2,202607271002,155,6793,026,95.9737591671,32.7997368114,2025,2,test,289,Veg_Shrub
EXPLAINED_E2,202607271002,156,18605,073,94.5544210182,33.7339847069,2022,6,test,257,Veg_Meadow_497
EXPLAINED_E2,202607271002,157,18644,073,94.5544210182,33.7339847069,2025,9,test,296,Veg_Meadow_497
EXPLAINED_E2,202607271002,158,18623,073,94.5544210182,33.7339847069,2023,12,test,275,Veg_Meadow_497
EXPLAINED_E2,202607271002,159,18624,073,94.5544210182,33.7339847069,2024,1,test,276,Veg_Meadow_497
EXPLAINED_E2,202607271002,160,38805,153,94.2310275159,33.2174534185,2025,10,test,297,Veg_Meadow_497
EXPLAINED_E2,202607271002,161,38764,153,94.2310275159,33.2174534185,2022,5,test,256,Veg_Meadow_497
EXPLAINED_E2,202607271002,162,38794,153,94.2310275159,33.2174534185,2024,11,test,286,Veg_Meadow_497
EXPLAINED_E2,202607271002,163,38780,153,94.2310275159,33.2174534185,2023,9,test,272,Veg_Meadow_497
EXPLAINED_E2,202607271002,164,28191,111,93.9480582014,33.3117765234,2023,4,test,267,Veg_Meadow_497
EXPLAINED_E2,202607271002,165,28214,111,93.9480582014,33.3117765234,2025,3,test,290,Veg_Meadow_497
EXPLAINED_E2,202607271002,166,28181,111,93.9480582014,33.3117765234,2022,6,test,257,Veg_Meadow_497
EXPLAINED_E2,202607271002,167,28207,111,93.9480582014,33.3117765234,2024,8,test,283,Veg_Meadow_497
EXPLAINED_E2,202607271002,168,32490,128,94.5858620532,33.446523816,2024,7,test,282,Veg_Meadow_497
EXPLAINED_E2,202607271002,169,32471,128,94.5858620532,33.446523816,2022,12,test,263,Veg_Meadow_497
EXPLAINED_E2,202607271002,170,32496,128,94.5858620532,33.446523816,2025,1,test,288,Veg_Meadow_497
EXPLAINED_E2,202607271002,171,32473,128,94.5858620532,33.446523816,2023,2,test,265,Veg_Meadow_497
EXPLAINED_E2,202607271002,172,59439,235,94.1591622932,33.3432175583,2023,4,test,267,Veg_Sparse
EXPLAINED_E2,202607271002,173,59450,235,94.1591622932,33.3432175583,2024,3,test,278,Veg_Sparse
EXPLAINED_E2,202607271002,174,59465,235,94.1591622932,33.3432175583,2025,6,test,293,Veg_Sparse
EXPLAINED_E2,202607271002,175,59435,235,94.1591622932,33.3432175583,2022,12,test,263,Veg_Sparse
EXPLAINED_E2,202607271002,176,10072,039,94.6846767344,33.2893186413,2025,5,test,292,Veg_Meadow_497
EXPLAINED_E2,202607271002,177,10039,039,94.6846767344,33.2893186413,2022,8,test,259,Veg_Meadow_497
EXPLAINED_E2,202607271002,178,10064,039,94.6846767344,33.2893186413,2024,9,test,284,Veg_Meadow_497
EXPLAINED_E2,202607271002,179,10054,039,94.6846767344,33.2893186413,2023,11,test,274,Veg_Meadow_497
EXPLAINED_E2,202607271002,180,22893,090,94.509505254,33.4914395802,2022,10,test,261,Veg_Meadow_497
EXPLAINED_E2,202607271002,181,22897,090,94.509505254,33.4914395802,2023,2,test,265,Veg_Meadow_497
EXPLAINED_E2,202607271002,182,22926,090,94.509505254,33.4914395802,2025,7,test,294,Veg_Meadow_497
EXPLAINED_E2,202607271002,183,22908,090,94.509505254,33.4914395802,2024,1,test,276,Veg_Meadow_497
EXPLAINED_E2,202607271002,184,4030,015,95.8435034509,32.6425316367,2025,11,test,298,Veg_Shrub
EXPLAINED_E2,202607271002,185,4015,015,95.8435034509,32.6425316367,2024,8,test,283,Veg_Shrub
EXPLAINED_E2,202607271002,186,3987,015,95.8435034509,32.6425316367,2022,4,test,255,Veg_Shrub
EXPLAINED_E2,202607271002,187,4004,015,95.8435034509,32.6425316367,2023,9,test,272,Veg_Shrub
EXPLAINED_E2,202607271002,188,52876,209,94.0962802233,33.5633048029,2022,5,test,256,Veg_Meadow_504
EXPLAINED_E2,202607271002,189,52894,209,94.0962802233,33.5633048029,2023,11,test,274,Veg_Meadow_504
EXPLAINED_E2,202607271002,190,52911,209,94.0962802233,33.5633048029,2025,4,test,291,Veg_Meadow_504
EXPLAINED_E2,202607271002,191,52904,209,94.0962802233,33.5633048029,2024,9,test,284,Veg_Meadow_504
EXPLAINED_E2,202607271002,192,61958,245,94.1456875639,33.3522007111,2023,3,test,266,Veg_Sparse
EXPLAINED_E2,202607271002,193,61985,245,94.1456875639,33.3522007111,2025,6,test,293,Veg_Sparse
EXPLAINED_E2,202607271002,194,61953,245,94.1456875639,33.3522007111,2022,10,test,261,Veg_Sparse
EXPLAINED_E2,202607271002,195,61972,245,94.1456875639,33.3522007111,2024,5,test,280,Veg_Sparse
EXPLAINED_E2,202607271002,196,38519,152,93.718987804,33.4689816981,2022,12,test,263,Veg_Meadow_497
EXPLAINED_E2,202607271002,197,38537,152,93.718987804,33.4689816981,2024,6,test,281,Veg_Meadow_497
EXPLAINED_E2,202607271002,198,38522,152,93.718987804,33.4689816981,2023,3,test,266,Veg_Meadow_497
EXPLAINED_E2,202607271002,199,38547,152,93.718987804,33.4689816981,2025,4,test,291,Veg_Meadow_497
EXPLAINED_E2,202607271002,200,57949,229,94.7834914157,32.934484104,2025,2,test,289,Veg_Sparse
EXPLAINED_E2,202607271002,201,57936,229,94.7834914157,32.934484104,2024,1,test,276,Veg_Sparse
EXPLAINED_E2,202607271002,202,57931,229,94.7834914157,32.934484104,2023,8,test,271,Veg_Sparse
EXPLAINED_E2,202607271002,203,57918,229,94.7834914157,32.934484104,2022,7,test,258,Veg_Sparse
EXPLAINED_E2,202607271002,204,42585,168,93.7234793804,33.5543216501,2025,10,test,297,Veg_Meadow_497
EXPLAINED_E2,202607271002,205,42556,168,93.7234793804,33.5543216501,2023,5,test,268,Veg_Meadow_497
EXPLAINED_E2,202607271002,206,42548,168,93.7234793804,33.5543216501,2022,9,test,260,Veg_Meadow_497
EXPLAINED_E2,202607271002,207,42565,168,93.7234793804,33.5543216501,2024,2,test,277,Veg_Meadow_497
EXPLAINED_E2,202607271002,208,33761,133,93.5977152406,33.4330490867,2025,6,test,293,Veg_Meadow_497
EXPLAINED_E2,202607271002,209,33739,133,93.5977152406,33.4330490867,2023,8,test,271,Veg_Meadow_497
EXPLAINED_E2,202607271002,210,33730,133,93.5977152406,33.4330490867,2022,11,test,262,Veg_Meadow_497
EXPLAINED_E2,202607271002,211,33744,133,93.5977152406,33.4330490867,2024,1,test,276,Veg_Meadow_497
EXPLAINED_E2,202607271002,212,23423,092,94.33882535,33.2668607592,2024,12,test,287,Veg_Meadow_497
EXPLAINED_E2,202607271002,213,23430,092,94.33882535,33.2668607592,2025,7,test,294,Veg_Meadow_497
EXPLAINED_E2,202607271002,214,23402,092,94.33882535,33.2668607592,2023,3,test,266,Veg_Meadow_497
EXPLAINED_E2,202607271002,215,23391,092,94.33882535,33.2668607592,2022,4,test,255,Veg_Meadow_497
EXPLAINED_E2,202607271002,216,46833,185,94.9586628961,33.051265091,2022,10,test,261,Veg_Meadow_499
EXPLAINED_E2,202607271002,217,46858,185,94.9586628961,33.051265091,2024,11,test,286,Veg_Meadow_499
EXPLAINED_E2,202607271002,218,46864,185,94.9586628961,33.051265091,2025,5,test,292,Veg_Meadow_499
EXPLAINED_E2,202607271002,219,46843,185,94.9586628961,33.051265091,2023,8,test,271,Veg_Meadow_499
EXPLAINED_E2,202607271002,220,20901,082,94.9137471319,32.9883830211,2024,10,test,285,Veg_Meadow_497
EXPLAINED_E2,202607271002,221,20882,082,94.9137471319,32.9883830211,2023,3,test,266,Veg_Meadow_497
EXPLAINED_E2,202607271002,222,20904,082,94.9137471319,32.9883830211,2025,1,test,288,Veg_Meadow_497
EXPLAINED_E2,202607271002,223,20874,082,94.9137471319,32.9883830211,2022,7,test,258,Veg_Meadow_497
EXPLAINED_E2,202607271002,224,53401,211,93.8447519438,33.1770292307,2024,2,test,277,Veg_Meadow_504
EXPLAINED_E2,202607271002,225,53417,211,93.8447519438,33.1770292307,2025,6,test,293,Veg_Meadow_504
EXPLAINED_E2,202607271002,226,53387,211,93.8447519438,33.1770292307,2022,12,test,263,Veg_Meadow_504
EXPLAINED_E2,202607271002,227,53396,211,93.8447519438,33.1770292307,2023,9,test,272,Veg_Meadow_504
EXPLAINED_E2,202607271002,228,30233,119,94.2175527867,33.2039786893,2025,6,test,293,Veg_Meadow_497
EXPLAINED_E2,202607271002,229,30205,119,94.2175527867,33.2039786893,2023,2,test,265,Veg_Meadow_497
EXPLAINED_E2,202607271002,230,30203,119,94.2175527867,33.2039786893,2022,12,test,263,Veg_Meadow_497
EXPLAINED_E2,202607271002,231,30220,119,94.2175527867,33.2039786893,2024,5,test,280,Veg_Meadow_497
EXPLAINED_E2,202607271002,232,45572,180,95.7581634989,32.7278715887,2022,9,test,260,Veg_Meadow_499
EXPLAINED_E2,202607271002,233,45602,180,95.7581634989,32.7278715887,2025,3,test,290,Veg_Meadow_499
EXPLAINED_E2,202607271002,234,45577,180,95.7581634989,32.7278715887,2023,2,test,265,Veg_Meadow_499
EXPLAINED_E2,202607271002,235,45593,180,95.7581634989,32.7278715887,2024,6,test,281,Veg_Meadow_499
EXPLAINED_E2,202607271002,236,51888,205,94.0872970705,33.671102637,2024,1,test,276,Veg_Meadow_504
EXPLAINED_E2,202607271002,237,51909,205,94.0872970705,33.671102637,2025,10,test,297,Veg_Meadow_504
EXPLAINED_E2,202607271002,238,51882,205,94.0872970705,33.671102637,2023,7,test,270,Veg_Meadow_504
EXPLAINED_E2,202607271002,239,51874,205,94.0872970705,33.671102637,2022,11,test,262,Veg_Meadow_504
EXPLAINED_E2,202607271002,240,45855,181,95.6593488177,32.7997368114,2025,4,test,291,Veg_Meadow_499
EXPLAINED_E2,202607271002,241,45835,181,95.6593488177,32.7997368114,2023,8,test,271,Veg_Meadow_499
EXPLAINED_E2,202607271002,242,45825,181,95.6593488177,32.7997368114,2022,10,test,261,Veg_Meadow_499
EXPLAINED_E2,202607271002,243,45848,181,95.6593488177,32.7997368114,2024,9,test,284,Veg_Meadow_499
EXPLAINED_E2,202607271002,244,25435,100,93.7773782974,33.275843912,2024,8,test,283,Veg_Meadow_497
EXPLAINED_E2,202607271002,245,25414,100,93.7773782974,33.275843912,2022,11,test,262,Veg_Meadow_497
EXPLAINED_E2,202607271002,246,25419,100,93.7773782974,33.275843912,2023,4,test,267,Veg_Meadow_497
EXPLAINED_E2,202607271002,247,25448,100,93.7773782974,33.275843912,2025,9,test,296,Veg_Meadow_497
EXPLAINED_E2,202607271002,248,58175,230,94.680185158,33.0782145495,2022,12,test,263,Veg_Sparse
EXPLAINED_E2,202607271002,249,58210,230,94.680185158,33.0782145495,2025,11,test,298,Veg_Sparse
EXPLAINED_E2,202607271002,250,58191,230,94.680185158,33.0782145495,2024,4,test,279,Veg_Sparse
EXPLAINED_E2,202607271002,251,58184,230,94.680185158,33.0782145495,2023,9,test,272,Veg_Sparse
EXPLAINED_E2,202607271002,252,16584,065,93.6426310048,33.1770292307,2022,1,test,252,Veg_Meadow_497
EXPLAINED_E2,202607271002,253,16626,065,93.6426310048,33.1770292307,2025,7,test,294,Veg_Meadow_497
EXPLAINED_E2,202607271002,254,16600,065,93.6426310048,33.1770292307,2023,5,test,268,Veg_Meadow_497
EXPLAINED_E2,202607271002,255,16610,065,93.6426310048,33.1770292307,2024,3,test,278,Veg_Meadow_497
EXPLAINED_E2,202607271002,256,43069,170,94.5319631361,33.5049143094,2024,2,test,277,Veg_Meadow_497
EXPLAINED_E2,202607271002,257,43091,170,94.5319631361,33.5049143094,2025,12,test,299,Veg_Meadow_497
EXPLAINED_E2,202607271002,258,43061,170,94.5319631361,33.5049143094,2023,6,test,269,Veg_Meadow_497
EXPLAINED_E2,202607271002,259,43053,170,94.5319631361,33.5049143094,2022,10,test,261,Veg_Meadow_497
EXPLAINED_E2,202607271002,260,53882,213,94.1546707168,33.1410966194,2022,3,test,254,Veg_Meadow_504
EXPLAINED_E2,202607271002,261,53920,213,94.1546707168,33.1410966194,2025,5,test,292,Veg_Meadow_504
EXPLAINED_E2,202607271002,262,53899,213,94.1546707168,33.1410966194,2023,8,test,271,Veg_Meadow_504
EXPLAINED_E2,202607271002,263,53907,213,94.1546707168,33.1410966194,2024,4,test,279,Veg_Meadow_504
EXPLAINED_E2,202607271002,264,40279,159,95.1787501407,32.9434672569,2022,8,test,259,Veg_Meadow_497
EXPLAINED_E2,202607271002,265,40294,159,95.1787501407,32.9434672569,2023,11,test,274,Veg_Meadow_497
EXPLAINED_E2,202607271002,266,40296,159,95.1787501407,32.9434672569,2024,1,test,276,Veg_Meadow_497
EXPLAINED_E2,202607271002,267,40314,159,95.1787501407,32.9434672569,2025,7,test,294,Veg_Meadow_497
EXPLAINED_E2,202607271002,268,48875,193,94.1546707168,33.4959311566,2024,12,test,287,Veg_Meadow_504
EXPLAINED_E2,202607271002,269,48845,193,94.1546707168,33.4959311566,2022,6,test,257,Veg_Meadow_504
EXPLAINED_E2,202607271002,270,48861,193,94.1546707168,33.4959311566,2023,10,test,273,Veg_Meadow_504
EXPLAINED_E2,202607271002,271,48878,193,94.1546707168,33.4959311566,2025,3,test,290,Veg_Meadow_504
EXPLAINED_E2,202607271002,272,44820,177,95.951301285,32.7772789293,2023,1,test,264,Veg_Meadow_499
EXPLAINED_E2,202607271002,273,44838,177,95.951301285,32.7772789293,2024,7,test,282,Veg_Meadow_499
EXPLAINED_E2,202607271002,274,44848,177,95.951301285,32.7772789293,2025,5,test,292,Veg_Meadow_499
EXPLAINED_E2,202607271002,275,44809,177,95.951301285,32.7772789293,2022,2,test,253,Veg_Meadow_499
EXPLAINED_E2,202607271002,276,20156,079,93.5752573585,33.3746585933,2025,9,test,296,Veg_Meadow_497
EXPLAINED_E2,202607271002,277,20127,079,93.5752573585,33.3746585933,2023,4,test,267,Veg_Meadow_497
EXPLAINED_E2,202607271002,278,20121,079,93.5752573585,33.3746585933,2022,10,test,261,Veg_Meadow_497
EXPLAINED_E2,202607271002,279,20147,079,93.5752573585,33.3746585933,2024,12,test,287,Veg_Meadow_497
EXPLAINED_E2,202607271002,280,21379,084,94.3298421972,33.6755942134,2022,8,test,259,Veg_Meadow_497
EXPLAINED_E2,202607271002,281,21412,084,94.3298421972,33.6755942134,2025,5,test,292,Veg_Meadow_497
EXPLAINED_E2,202607271002,282,21386,084,94.3298421972,33.6755942134,2023,3,test,266,Veg_Meadow_497
EXPLAINED_E2,202607271002,283,21406,084,94.3298421972,33.6755942134,2024,11,test,286,Veg_Meadow_497
EXPLAINED_E2,202607271002,284,55668,220,94.370266385,32.9973661739,2024,1,test,276,Veg_Sparse
EXPLAINED_E2,202607271002,285,55645,220,94.370266385,32.9973661739,2022,2,test,253,Veg_Sparse
EXPLAINED_E2,202607271002,286,55686,220,94.370266385,32.9973661739,2025,7,test,294,Veg_Sparse
EXPLAINED_E2,202607271002,287,55661,220,94.370266385,32.9973661739,2023,6,test,269,Veg_Sparse
EXPLAINED_E2,202607271002,288,486,001,95.6279077827,32.7997368114,2024,7,test,282,Veg_Coniferous
EXPLAINED_E2,202607271002,289,475,001,95.6279077827,32.7997368114,2023,8,test,271,Veg_Coniferous
EXPLAINED_E2,202607271002,290,465,001,95.6279077827,32.7997368114,2022,10,test,261,Veg_Coniferous
EXPLAINED_E2,202607271002,291,492,001,95.6279077827,32.7997368114,2025,1,test,288,Veg_Coniferous
EXPLAINED_E2,202607271002,292,35756,141,94.5454378654,33.5049143094,2023,9,test,272,Veg_Meadow_497
EXPLAINED_E2,202607271002,293,35763,141,94.5454378654,33.5049143094,2024,4,test,279,Veg_Meadow_497
EXPLAINED_E2,202607271002,294,35741,141,94.5454378654,33.5049143094,2022,6,test,257,Veg_Meadow_497
EXPLAINED_E2,202607271002,295,35773,141,94.5454378654,33.5049143094,2025,2,test,289,Veg_Meadow_497
EXPLAINED_E2,202607271002,296,54422,215,95.8030792631,32.8671104577,2025,3,test,290,Veg_Sparse
EXPLAINED_E2,202607271002,297,54412,215,95.8030792631,32.8671104577,2024,5,test,280,Veg_Sparse
EXPLAINED_E2,202607271002,298,54394,215,95.8030792631,32.8671104577,2022,11,test,262,Veg_Sparse
EXPLAINED_E2,202607271002,299,54407,215,95.8030792631,32.8671104577,2023,12,test,275,Veg_Sparse
EXPLAINED_E2,202607271002,300,28433,112,95.5380762543,32.8311778464,2022,6,test,257,Veg_Meadow_497
EXPLAINED_E2,202607271002,301,28466,112,95.5380762543,32.8311778464,2025,3,test,290,Veg_Meadow_497
EXPLAINED_E2,202607271002,302,28453,112,95.5380762543,32.8311778464,2024,2,test,277,Veg_Meadow_497
EXPLAINED_E2,202607271002,303,28446,112,95.5380762543,32.8311778464,2023,7,test,270,Veg_Meadow_497
EXPLAINED_E2,202607271002,304,56408,223,93.9525497779,33.3387259819,2022,9,test,260,Veg_Sparse
EXPLAINED_E2,202607271002,305,56433,223,93.9525497779,33.3387259819,2024,10,test,285,Veg_Sparse
EXPLAINED_E2,202607271002,306,56439,223,93.9525497779,33.3387259819,2025,4,test,291,Veg_Sparse
EXPLAINED_E2,202607271002,307,56419,223,93.9525497779,33.3387259819,2023,8,test,271,Veg_Sparse
EXPLAINED_E2,202607271002,308,23182,091,94.5454378654,33.3566922876,2025,11,test,298,Veg_Meadow_497
EXPLAINED_E2,202607271002,309,23147,091,94.5454378654,33.3566922876,2022,12,test,263,Veg_Meadow_497
EXPLAINED_E2,202607271002,310,23152,091,94.5454378654,33.3566922876,2023,5,test,268,Veg_Meadow_497
EXPLAINED_E2,202607271002,311,23160,091,94.5454378654,33.3566922876,2024,1,test,276,Veg_Meadow_497
EXPLAINED_E2,202607271002,312,9531,037,94.3028927387,32.9165177983,2022,4,test,255,Veg_Meadow_497
EXPLAINED_E2,202607271002,313,9549,037,94.3028927387,32.9165177983,2023,10,test,273,Veg_Meadow_497
EXPLAINED_E2,202607271002,314,9559,037,94.3028927387,32.9165177983,2024,8,test,283,Veg_Meadow_497
EXPLAINED_E2,202607271002,315,9572,037,94.3028927387,32.9165177983,2025,9,test,296,Veg_Meadow_497
EXPLAINED_E2,202607271002,316,21167,083,94.4151821492,33.7294931305,2025,12,test,299,Veg_Meadow_497
EXPLAINED_E2,202607271002,317,21149,083,94.4151821492,33.7294931305,2024,6,test,281,Veg_Meadow_497
EXPLAINED_E2,202607271002,318,21130,083,94.4151821492,33.7294931305,2022,11,test,262,Veg_Meadow_497
EXPLAINED_E2,202607271002,319,21134,083,94.4151821492,33.7294931305,2023,3,test,266,Veg_Meadow_497
EXPLAINED_E2,202607271002,320,46078,182,95.812062416,32.7143968594,2022,11,test,262,Veg_Meadow_499
EXPLAINED_E2,202607271002,321,46115,182,95.812062416,32.7143968594,2025,12,test,299,Veg_Meadow_499
EXPLAINED_E2,202607271002,322,46082,182,95.812062416,32.7143968594,2023,3,test,266,Veg_Meadow_499
EXPLAINED_E2,202607271002,323,46097,182,95.812062416,32.7143968594,2024,6,test,281,Veg_Meadow_499
EXPLAINED_E2,202607271002,324,33481,132,93.7998361796,33.19050396,2023,2,test,265,Veg_Meadow_497
EXPLAINED_E2,202607271002,325,33492,132,93.7998361796,33.19050396,2024,1,test,276,Veg_Meadow_497
EXPLAINED_E2,202607271002,326,33510,132,93.7998361796,33.19050396,2025,7,test,294,Veg_Meadow_497
EXPLAINED_E2,202607271002,327,33472,132,93.7998361796,33.19050396,2022,5,test,256,Veg_Meadow_497
EXPLAINED_E2,202607271002,328,16351,064,94.5364547125,33.3701670168,2023,8,test,271,Veg_Meadow_497
EXPLAINED_E2,202607271002,329,16371,064,94.5364547125,33.3701670168,2025,4,test,291,Veg_Meadow_497
EXPLAINED_E2,202607271002,330,16340,064,94.5364547125,33.3701670168,2022,9,test,260,Veg_Meadow_497
EXPLAINED_E2,202607271002,331,16365,064,94.5364547125,33.3701670168,2024,10,test,285,Veg_Meadow_497
EXPLAINED_E2,202607271002,332,3522,013,95.7222308876,32.7009221302,2025,7,test,294,Veg_Coniferous
EXPLAINED_E2,202607271002,333,3484,013,95.7222308876,32.7009221302,2022,5,test,256,Veg_Coniferous
EXPLAINED_E2,202607271002,334,3504,013,95.7222308876,32.7009221302,2024,1,test,276,Veg_Coniferous
EXPLAINED_E2,202607271002,335,3493,013,95.7222308876,32.7009221302,2023,2,test,265,Veg_Coniferous
EXPLAINED_E2,202607271002,336,44342,175,95.6458740884,32.7682957765,2025,3,test,290,Veg_Meadow_499
EXPLAINED_E2,202607271002,337,44315,175,95.6458740884,32.7682957765,2022,12,test,263,Veg_Meadow_499
EXPLAINED_E2,202607271002,338,44320,175,95.6458740884,32.7682957765,2023,5,test,268,Veg_Meadow_499
EXPLAINED_E2,202607271002,339,44337,175,95.6458740884,32.7682957765,2024,10,test,285,Veg_Meadow_499
EXPLAINED_E2,202607271002,340,3003,011,95.5695172893,32.8446525756,2024,4,test,279,Veg_Coniferous
EXPLAINED_E2,202607271002,341,3017,011,95.5695172893,32.8446525756,2025,6,test,293,Veg_Coniferous
EXPLAINED_E2,202607271002,342,2998,011,95.5695172893,32.8446525756,2023,11,test,274,Veg_Coniferous
EXPLAINED_E2,202607271002,343,2983,011,95.5695172893,32.8446525756,2022,8,test,259,Veg_Coniferous
EXPLAINED_E2,202607271002,344,34008,134,93.804327756,33.3926248989,2025,1,test,288,Veg_Meadow_497
EXPLAINED_E2,202607271002,345,33992,134,93.804327756,33.3926248989,2023,9,test,272,Veg_Meadow_497
EXPLAINED_E2,202607271002,346,33997,134,93.804327756,33.3926248989,2024,2,test,277,Veg_Meadow_497
EXPLAINED_E2,202607271002,347,33978,134,93.804327756,33.3926248989,2022,7,test,258,Veg_Meadow_497
EXPLAINED_E2,202607271002,348,61712,244,95.5380762543,32.656006366,2023,9,test,272,Veg_Sparse
EXPLAINED_E2,202607271002,349,61721,244,95.5380762543,32.656006366,2024,6,test,281,Veg_Sparse
EXPLAINED_E2,202607271002,350,61695,244,95.5380762543,32.656006366,2022,4,test,255,Veg_Sparse
EXPLAINED_E2,202607271002,351,61738,244,95.5380762543,32.656006366,2025,11,test,298,Veg_Sparse
EXPLAINED_E2,202607271002,352,31480,124,95.2101911756,33.1635545015,2024,5,test,280,Veg_Meadow_497
EXPLAINED_E2,202607271002,353,31499,124,95.2101911756,33.1635545015,2025,12,test,299,Veg_Meadow_497
EXPLAINED_E2,202607271002,354,31454,124,95.2101911756,33.1635545015,2022,3,test,254,Veg_Meadow_497
EXPLAINED_E2,202607271002,355,31471,124,95.2101911756,33.1635545015,2023,8,test,271,Veg_Meadow_497
EXPLAINED_E2,202607271002,356,32253,127,94.4421316077,33.4644901217,2025,10,test,297,Veg_Meadow_497
EXPLAINED_E2,202607271002,357,32242,127,94.4421316077,33.4644901217,2024,11,test,286,Veg_Meadow_497
EXPLAINED_E2,202607271002,358,32225,127,94.4421316077,33.4644901217,2023,6,test,269,Veg_Meadow_497
EXPLAINED_E2,202607271002,359,32211,127,94.4421316077,33.4644901217,2022,4,test,255,Veg_Meadow_497
EXPLAINED_E2,202607271002,360,43825,173,96.0231665077,32.7054137066,2024,2,test,277,Veg_Meadow_499
EXPLAINED_E2,202607271002,361,43800,173,96.0231665077,32.7054137066,2022,1,test,252,Veg_Meadow_499
EXPLAINED_E2,202607271002,362,43842,173,96.0231665077,32.7054137066,2025,7,test,294,Veg_Meadow_499
EXPLAINED_E2,202607271002,363,43819,173,96.0231665077,32.7054137066,2023,8,test,271,Veg_Meadow_499
EXPLAINED_E2,202607271002,364,21876,086,93.8178024852,33.4375406631,2022,1,test,252,Veg_Meadow_497
EXPLAINED_E2,202607271002,365,21911,086,93.8178024852,33.4375406631,2024,12,test,287,Veg_Meadow_497
EXPLAINED_E2,202607271002,366,21913,086,93.8178024852,33.4375406631,2025,2,test,289,Veg_Meadow_497
EXPLAINED_E2,202607271002,367,21894,086,93.8178024852,33.4375406631,2023,7,test,270,Veg_Meadow_497
EXPLAINED_E2,202607271002,368,15362,060,94.6577272759,33.5677963793,2025,3,test,290,Veg_Meadow_497
EXPLAINED_E2,202607271002,369,15357,060,94.6577272759,33.5677963793,2024,10,test,285,Veg_Meadow_497
EXPLAINED_E2,202607271002,370,15340,060,94.6577272759,33.5677963793,2023,5,test,268,Veg_Meadow_497
EXPLAINED_E2,202607271002,371,15332,060,94.6577272759,33.5677963793,2022,9,test,260,Veg_Meadow_497
EXPLAINED_E2,202607271002,372,18142,071,94.1546707168,33.1815208072,2025,11,test,298,Veg_Meadow_497
EXPLAINED_E2,202607271002,373,18113,071,94.1546707168,33.1815208072,2023,6,test,269,Veg_Meadow_497
EXPLAINED_E2,202607271002,374,18127,071,94.1546707168,33.1815208072,2024,8,test,283,Veg_Meadow_497
EXPLAINED_E2,202607271002,375,18099,071,94.1546707168,33.1815208072,2022,4,test,255,Veg_Meadow_497
EXPLAINED_E2,202607271002,376,60959,241,94.1367044111,33.3207596762,2023,12,test,275,Veg_Sparse
EXPLAINED_E2,202607271002,377,60940,241,94.1367044111,33.3207596762,2022,5,test,256,Veg_Sparse
EXPLAINED_E2,202607271002,378,60960,241,94.1367044111,33.3207596762,2024,1,test,276,Veg_Sparse
EXPLAINED_E2,202607271002,379,60981,241,94.1367044111,33.3207596762,2025,10,test,297,Veg_Sparse
EXPLAINED_E2,202607271002,380,37040,146,94.253485398,33.2174534185,2025,9,test,296,Veg_Meadow_497
EXPLAINED_E2,202607271002,381,37014,146,94.253485398,33.2174534185,2023,7,test,270,Veg_Meadow_497
EXPLAINED_E2,202607271002,382,36998,146,94.253485398,33.2174534185,2022,3,test,254,Veg_Meadow_497
EXPLAINED_E2,202607271002,383,37021,146,94.253485398,33.2174534185,2024,2,test,277,Veg_Meadow_497
EXPLAINED_E2,202607271002,384,37793,149,95.6144330535,32.7233800123,2025,6,test,293,Veg_Meadow_497
EXPLAINED_E2,202607271002,385,37767,149,95.6144330535,32.7233800123,2023,4,test,267,Veg_Meadow_497
EXPLAINED_E2,202607271002,386,37785,149,95.6144330535,32.7233800123,2024,10,test,285,Veg_Meadow_497
EXPLAINED_E2,202607271002,387,37759,149,95.6144330535,32.7233800123,2022,8,test,259,Veg_Meadow_497
EXPLAINED_E2,202607271002,388,49612,196,94.3523000793,33.0961808552,2023,5,test,268,Veg_Meadow_504
EXPLAINED_E2,202607271002,389,49632,196,94.3523000793,33.0961808552,2025,1,test,288,Veg_Meadow_504
EXPLAINED_E2,202607271002,390,49630,196,94.3523000793,33.0961808552,2024,11,test,286,Veg_Meadow_504
EXPLAINED_E2,202607271002,391,49597,196,94.3523000793,33.0961808552,2022,2,test,253,Veg_Meadow_504
EXPLAINED_E2,202607271002,392,25667,101,93.772886721,33.4420322396,2022,12,test,263,Veg_Meadow_497
EXPLAINED_E2,202607271002,393,25672,101,93.772886721,33.4420322396,2023,5,test,268,Veg_Meadow_497
EXPLAINED_E2,202607271002,394,25690,101,93.772886721,33.4420322396,2024,11,test,286,Veg_Meadow_497
EXPLAINED_E2,202607271002,395,25692,101,93.772886721,33.4420322396,2025,1,test,288,Veg_Meadow_497
EXPLAINED_E2,202607271002,396,734,002,95.6234162063,32.7503294708,2024,3,test,278,Veg_Coniferous
EXPLAINED_E2,202607271002,397,716,002,95.6234162063,32.7503294708,2022,9,test,260,Veg_Coniferous
EXPLAINED_E2,202607271002,398,731,002,95.6234162063,32.7503294708,2023,12,test,275,Veg_Coniferous
EXPLAINED_E2,202607271002,399,753,002,95.6234162063,32.7503294708,2025,10,test,297,Veg_Coniferous
EXPLAINED_E2,202607271002,400,6282,024,95.2865479748,33.0602482438,2024,7,test,282,Veg_Shrub
EXPLAINED_E2,202607271002,401,6257,024,95.2865479748,33.0602482438,2022,6,test,257,Veg_Shrub
EXPLAINED_E2,202607271002,402,6266,024,95.2865479748,33.0602482438,2023,3,test,266,Veg_Shrub
EXPLAINED_E2,202607271002,403,6289,024,95.2865479748,33.0602482438,2025,2,test,289,Veg_Shrub
EXPLAINED_E2,202607271002,404,38264,151,94.8867976733,32.8940599162,2022,9,test,260,Veg_Meadow_497
EXPLAINED_E2,202607271002,405,38299,151,94.8867976733,32.8940599162,2025,8,test,295,Veg_Meadow_497
EXPLAINED_E2,202607271002,406,38286,151,94.8867976733,32.8940599162,2024,7,test,282,Veg_Meadow_497
EXPLAINED_E2,202607271002,407,38271,151,94.8867976733,32.8940599162,2023,4,test,267,Veg_Meadow_497
EXPLAINED_E2,202607271002,408,46342,183,94.904763979,33.0557566674,2023,11,test,274,Veg_Meadow_499
EXPLAINED_E2,202607271002,409,46359,183,94.904763979,33.0557566674,2025,4,test,291,Veg_Meadow_499
EXPLAINED_E2,202607271002,410,46352,183,94.904763979,33.0557566674,2024,9,test,284,Veg_Meadow_499
EXPLAINED_E2,202607271002,411,46325,183,94.904763979,33.0557566674,2022,6,test,257,Veg_Meadow_499
EXPLAINED_E2,202607271002,412,12561,049,94.1367044111,33.5633048029,2022,10,test,261,Veg_Meadow_497
EXPLAINED_E2,202607271002,413,12588,049,94.1367044111,33.5633048029,2025,1,test,288,Veg_Meadow_497
EXPLAINED_E2,202607271002,414,12587,049,94.1367044111,33.5633048029,2024,12,test,287,Veg_Meadow_497
EXPLAINED_E2,202607271002,415,12565,049,94.1367044111,33.5633048029,2023,2,test,265,Veg_Meadow_497
EXPLAINED_E2,202607271002,416,35498,140,94.5364547125,33.0692313966,2023,3,test,266,Veg_Meadow_497
EXPLAINED_E2,202607271002,417,35488,140,94.5364547125,33.0692313966,2022,5,test,256,Veg_Meadow_497
EXPLAINED_E2,202607271002,418,35518,140,94.5364547125,33.0692313966,2024,11,test,286,Veg_Meadow_497
EXPLAINED_E2,202607271002,419,35525,140,94.5364547125,33.0692313966,2025,6,test,293,Veg_Meadow_497
EXPLAINED_E2,202607271002,420,55423,219,95.3224805861,33.1500797722,2024,8,test,283,Veg_Sparse
EXPLAINED_E2,202607271002,421,55434,219,95.3224805861,33.1500797722,2025,7,test,294,Veg_Sparse
EXPLAINED_E2,202607271002,422,55406,219,95.3224805861,33.1500797722,2023,3,test,266,Veg_Sparse
EXPLAINED_E2,202607271002,423,55393,219,95.3224805861,33.1500797722,2022,2,test,253,Veg_Sparse
EXPLAINED_E2,202607271002,424,47091,186,93.633647852,33.5094058859,2023,4,test,267,Veg_Meadow_504
EXPLAINED_E2,202607271002,425,47118,186,93.633647852,33.5094058859,2025,7,test,294,Veg_Meadow_504
EXPLAINED_E2,202607271002,426,47107,186,93.633647852,33.5094058859,2024,8,test,283,Veg_Meadow_504
EXPLAINED_E2,202607271002,427,47084,186,93.633647852,33.5094058859,2022,9,test,260,Veg_Meadow_504
EXPLAINED_E2,202607271002,428,35265,139,94.8014577213,33.3387259819,2024,10,test,285,Veg_Meadow_497
EXPLAINED_E2,202607271002,429,35248,139,94.8014577213,33.3387259819,2023,5,test,268,Veg_Meadow_497
EXPLAINED_E2,202607271002,430,35232,139,94.8014577213,33.3387259819,2022,1,test,252,Veg_Meadow_497
EXPLAINED_E2,202607271002,431,35279,139,94.8014577213,33.3387259819,2025,12,test,299,Veg_Meadow_497
EXPLAINED_E2,202607271002,432,4776,018,95.7671466518,32.6470232131,2025,1,test,288,Veg_Shrub
EXPLAINED_E2,202607271002,433,4775,018,95.7671466518,32.6470232131,2024,12,test,287,Veg_Shrub
EXPLAINED_E2,202607271002,434,4749,018,95.7671466518,32.6470232131,2022,10,test,261,Veg_Shrub
EXPLAINED_E2,202607271002,435,4756,018,95.7671466518,32.6470232131,2023,5,test,268,Veg_Shrub
EXPLAINED_E2,202607271002,436,41535,164,93.6965299219,33.2668607592,2022,4,test,255,Veg_Meadow_497
EXPLAINED_E2,202607271002,437,41569,164,93.6965299219,33.2668607592,2025,2,test,289,Veg_Meadow_497
EXPLAINED_E2,202607271002,438,41551,164,93.6965299219,33.2668607592,2023,8,test,271,Veg_Meadow_497
EXPLAINED_E2,202607271002,439,41566,164,93.6965299219,33.2668607592,2024,11,test,286,Veg_Meadow_497
EXPLAINED_E2,202607271002,440,57446,227,93.9705160835,33.3162680998,2025,3,test,290,Veg_Sparse
EXPLAINED_E2,202607271002,441,57438,227,93.9705160835,33.3162680998,2024,7,test,282,Veg_Sparse
EXPLAINED_E2,202607271002,442,57428,227,93.9705160835,33.3162680998,2023,9,test,272,Veg_Sparse
EXPLAINED_E2,202607271002,443,57413,227,93.9705160835,33.3162680998,2022,6,test,257,Veg_Sparse
EXPLAINED_E2,202607271002,444,31202,123,94.594845206,33.7744088947,2022,3,test,254,Veg_Meadow_497
EXPLAINED_E2,202607271002,445,31220,123,94.594845206,33.7744088947,2023,9,test,272,Veg_Meadow_497
EXPLAINED_E2,202607271002,446,31242,123,94.594845206,33.7744088947,2025,7,test,294,Veg_Meadow_497
EXPLAINED_E2,202607271002,447,31229,123,94.594845206,33.7744088947,2024,6,test,281,Veg_Meadow_497
EXPLAINED_E2,202607271002,448,51396,203,94.2400106688,33.671102637,2025,1,test,288,Veg_Meadow_504
EXPLAINED_E2,202607271002,449,51391,203,94.2400106688,33.671102637,2024,8,test,283,Veg_Meadow_504
EXPLAINED_E2,202607271002,450,51364,203,94.2400106688,33.671102637,2022,5,test,256,Veg_Meadow_504
EXPLAINED_E2,202607271002,451,51373,203,94.2400106688,33.671102637,2023,2,test,265,Veg_Meadow_504
EXPLAINED_E2,202607271002,452,17619,069,95.5874835949,32.6649895188,2024,4,test,279,Veg_Meadow_497
EXPLAINED_E2,202607271002,453,17602,069,95.5874835949,32.6649895188,2022,11,test,262,Veg_Meadow_497
EXPLAINED_E2,202607271002,454,17613,069,95.5874835949,32.6649895188,2023,10,test,273,Veg_Meadow_497
EXPLAINED_E2,202607271002,455,17639,069,95.5874835949,32.6649895188,2025,12,test,299,Veg_Meadow_497
EXPLAINED_E2,202607271002,456,49866,197,94.6128115117,33.4105912046,2023,7,test,270,Veg_Meadow_504
EXPLAINED_E2,202607271002,457,49889,197,94.6128115117,33.4105912046,2025,6,test,293,Veg_Meadow_504
EXPLAINED_E2,202607271002,458,49875,197,94.6128115117,33.4105912046,2024,4,test,279,Veg_Meadow_504
EXPLAINED_E2,202607271002,459,49858,197,94.6128115117,33.4105912046,2022,11,test,262,Veg_Meadow_504
EXPLAINED_E2,202607271002,460,48611,192,93.6561057341,33.5138974623,2023,12,test,275,Veg_Meadow_504
EXPLAINED_E2,202607271002,461,48614,192,93.6561057341,33.5138974623,2024,3,test,278,Veg_Meadow_504
EXPLAINED_E2,202607271002,462,48596,192,93.6561057341,33.5138974623,2022,9,test,260,Veg_Meadow_504
EXPLAINED_E2,202607271002,463,48633,192,93.6561057341,33.5138974623,2025,10,test,297,Veg_Meadow_504
EXPLAINED_E2,202607271002,464,7771,030,94.4600979134,33.275843912,2022,8,test,259,Veg_Meadow_497
EXPLAINED_E2,202607271002,465,7777,030,94.4600979134,33.275843912,2023,2,test,265,Veg_Meadow_497
EXPLAINED_E2,202607271002,466,7804,030,94.4600979134,33.275843912,2025,5,test,292,Veg_Meadow_497
EXPLAINED_E2,202607271002,467,7788,030,94.4600979134,33.275843912,2024,1,test,276,Veg_Meadow_497
EXPLAINED_E2,202607271002,468,22662,089,95.6279077827,32.6649895188,2024,7,test,282,Veg_Meadow_497
EXPLAINED_E2,202607271002,469,22640,089,95.6279077827,32.6649895188,2022,9,test,260,Veg_Meadow_497
EXPLAINED_E2,202607271002,470,22646,089,95.6279077827,32.6649895188,2023,3,test,266,Veg_Meadow_497
EXPLAINED_E2,202607271002,471,22673,089,95.6279077827,32.6649895188,2025,6,test,293,Veg_Meadow_497
EXPLAINED_E2,202607271002,472,28933,114,94.904763979,33.2084702657,2022,2,test,253,Veg_Meadow_497
EXPLAINED_E2,202607271002,473,28972,114,94.904763979,33.2084702657,2025,5,test,292,Veg_Meadow_497
EXPLAINED_E2,202607271002,474,28963,114,94.904763979,33.2084702657,2024,8,test,283,Veg_Meadow_497
EXPLAINED_E2,202607271002,475,28954,114,94.904763979,33.2084702657,2023,11,test,274,Veg_Meadow_497
EXPLAINED_E2,202607271002,476,32715,129,93.633647852,33.5902542614,2022,4,test,255,Veg_Meadow_497
EXPLAINED_E2,202607271002,477,32733,129,93.633647852,33.5902542614,2023,10,test,273,Veg_Meadow_497
EXPLAINED_E2,202607271002,478,32748,129,93.633647852,33.5902542614,2025,1,test,288,Veg_Meadow_497
EXPLAINED_E2,202607271002,479,32747,129,93.633647852,33.5902542614,2024,12,test,287,Veg_Meadow_497
EXPLAINED_E2,202607271002,480,14081,055,94.1007717997,33.4555069688,2023,6,test,269,Veg_Meadow_497
EXPLAINED_E2,202607271002,481,14070,055,94.1007717997,33.4555069688,2022,7,test,258,Veg_Meadow_497
EXPLAINED_E2,202607271002,482,14108,055,94.1007717997,33.4555069688,2025,9,test,296,Veg_Meadow_497
EXPLAINED_E2,202607271002,483,14090,055,94.1007717997,33.4555069688,2024,3,test,278,Veg_Meadow_497
EXPLAINED_E2,202607271002,484,43342,171,95.6279077827,32.8087199643,2025,11,test,298,Veg_Meadow_499
EXPLAINED_E2,202607271002,485,43317,171,95.6279077827,32.8087199643,2023,10,test,273,Veg_Meadow_499
EXPLAINED_E2,202607271002,486,43307,171,95.6279077827,32.8087199643,2022,12,test,263,Veg_Meadow_499
EXPLAINED_E2,202607271002,487,43320,171,95.6279077827,32.8087199643,2024,1,test,276,Veg_Meadow_499
EXPLAINED_E2,202607271002,488,42805,169,94.3433169264,33.2623691827,2023,2,test,265,Veg_Meadow_497
EXPLAINED_E2,202607271002,489,42831,169,94.3433169264,33.2623691827,2025,4,test,291,Veg_Meadow_497
EXPLAINED_E2,202607271002,490,42796,169,94.3433169264,33.2623691827,2022,5,test,256,Veg_Meadow_497
EXPLAINED_E2,202607271002,491,42823,169,94.3433169264,33.2623691827,2024,8,test,283,Veg_Meadow_497
EXPLAINED_E2,202607271002,492,44581,176,95.9737591671,32.8177031171,2024,2,test,277,Veg_Meadow_499
EXPLAINED_E2,202607271002,493,44575,176,95.9737591671,32.8177031171,2023,8,test,271,Veg_Meadow_499
EXPLAINED_E2,202607271002,494,44561,176,95.9737591671,32.8177031171,2022,6,test,257,Veg_Meadow_499
EXPLAINED_E2,202607271002,495,44600,176,95.9737591671,32.8177031171,2025,9,test,296,Veg_Meadow_499
EXPLAINED_E2,202607271002,496,7545,029,95.9782507435,32.795245235,2024,10,test,285,Veg_Shrub
EXPLAINED_E2,202607271002,497,7554,029,95.9782507435,32.795245235,2025,7,test,294,Veg_Shrub
EXPLAINED_E2,202607271002,498,7528,029,95.9782507435,32.795245235,2023,5,test,268,Veg_Shrub
EXPLAINED_E2,202607271002,499,7512,029,95.9782507435,32.795245235,2022,1,test,252,Veg_Shrub
EXPLAINED_E2,202607271002,500,6550,025,95.470702608,32.8221946935,2025,11,test,298,Veg_Shrub
EXPLAINED_E2,202607271002,501,6527,025,95.470702608,32.8221946935,2023,12,test,275,Veg_Shrub
EXPLAINED_E2,202607271002,502,6530,025,95.470702608,32.8221946935,2024,3,test,278,Veg_Shrub
EXPLAINED_E2,202607271002,503,6507,025,95.470702608,32.8221946935,2022,4,test,255,Veg_Shrub
EXPLAINED_E2,202607271002,504,14600,057,95.021544966,33.0018577503,2024,9,test,284,Veg_Meadow_497
EXPLAINED_E2,202607271002,505,14568,057,95.021544966,33.0018577503,2022,1,test,252,Veg_Meadow_497
EXPLAINED_E2,202607271002,506,14614,057,95.021544966,33.0018577503,2025,11,test,298,Veg_Meadow_497
EXPLAINED_E2,202607271002,507,14582,057,95.021544966,33.0018577503,2023,3,test,266,Veg_Meadow_497
EXPLAINED_E2,202607271002,508,13857,054,94.9272218611,32.8401609992,2025,10,test,297,Veg_Meadow_497
EXPLAINED_E2,202607271002,509,13818,054,94.9272218611,32.8401609992,2022,7,test,258,Veg_Meadow_497
EXPLAINED_E2,202607271002,510,13841,054,94.9272218611,32.8401609992,2024,6,test,281,Veg_Meadow_497
EXPLAINED_E2,202607271002,511,13835,054,94.9272218611,32.8401609992,2023,12,test,275,Veg_Meadow_497
EXPLAINED_E2,202607271002,512,59188,234,94.4600979134,33.0782145495,2023,5,test,268,Veg_Sparse
EXPLAINED_E2,202607271002,513,59209,234,94.4600979134,33.0782145495,2025,2,test,289,Veg_Sparse
EXPLAINED_E2,202607271002,514,59199,234,94.4600979134,33.0782145495,2024,4,test,279,Veg_Sparse
EXPLAINED_E2,202607271002,515,59179,234,94.4600979134,33.0782145495,2022,8,test,259,Veg_Sparse
EXPLAINED_E2,202607271002,516,34261,135,93.9884823892,33.4016080518,2025,2,test,289,Veg_Meadow_497
EXPLAINED_E2,202607271002,517,34253,135,93.9884823892,33.4016080518,2024,6,test,281,Veg_Meadow_497
EXPLAINED_E2,202607271002,518,34228,135,93.9884823892,33.4016080518,2022,5,test,256,Veg_Meadow_497
EXPLAINED_E2,202607271002,519,34247,135,93.9884823892,33.4016080518,2023,12,test,275,Veg_Meadow_497
EXPLAINED_E2,202607271002,520,11292,044,94.6532356995,33.2488944535,2022,1,test,252,Veg_Meadow_497
EXPLAINED_E2,202607271002,521,11324,044,94.6532356995,33.2488944535,2024,9,test,284,Veg_Meadow_497
EXPLAINED_E2,202607271002,522,11335,044,94.6532356995,33.2488944535,2025,8,test,295,Veg_Meadow_497
EXPLAINED_E2,202607271002,523,11310,044,94.6532356995,33.2488944535,2023,7,test,270,Veg_Meadow_497
EXPLAINED_E2,202607271002,524,9297,036,94.6667104287,33.019824056,2023,10,test,273,Veg_Meadow_497
EXPLAINED_E2,202607271002,525,9314,036,94.6667104287,33.019824056,2025,3,test,290,Veg_Meadow_497
EXPLAINED_E2,202607271002,526,9286,036,94.6667104287,33.019824056,2022,11,test,262,Veg_Meadow_497
EXPLAINED_E2,202607271002,527,9303,036,94.6667104287,33.019824056,2024,4,test,279,Veg_Meadow_497
EXPLAINED_E2,202607271002,528,34768,137,94.0378897298,33.4510153924,2025,5,test,292,Veg_Meadow_497
EXPLAINED_E2,202607271002,529,34745,137,94.0378897298,33.4510153924,2023,6,test,269,Veg_Meadow_497
EXPLAINED_E2,202607271002,530,34758,137,94.0378897298,33.4510153924,2024,7,test,282,Veg_Meadow_497
EXPLAINED_E2,202607271002,531,34739,137,94.0378897298,33.4510153924,2022,12,test,263,Veg_Meadow_497
EXPLAINED_E2,202607271002,532,20640,081,94.4196737256,33.6441531785,2024,1,test,276,Veg_Meadow_497
EXPLAINED_E2,202607271002,533,20655,081,94.4196737256,33.6441531785,2025,4,test,291,Veg_Meadow_497
EXPLAINED_E2,202607271002,534,20618,081,94.4196737256,33.6441531785,2022,3,test,254,Veg_Meadow_497
EXPLAINED_E2,202607271002,535,20635,081,94.4196737256,33.6441531785,2023,8,test,271,Veg_Meadow_497
EXPLAINED_E2,202607271002,536,24157,095,95.1832417171,33.0153324796,2023,2,test,265,Veg_Meadow_497
EXPLAINED_E2,202607271002,537,24152,095,95.1832417171,33.0153324796,2022,9,test,260,Veg_Meadow_497
EXPLAINED_E2,202607271002,538,24178,095,95.1832417171,33.0153324796,2024,11,test,286,Veg_Meadow_497
EXPLAINED_E2,202607271002,539,24189,095,95.1832417171,33.0153324796,2025,10,test,297,Veg_Meadow_497
EXPLAINED_E2,202607271002,540,25185,099,94.4780642191,32.9165177983,2024,10,test,285,Veg_Meadow_497
EXPLAINED_E2,202607271002,541,25196,099,94.4780642191,32.9165177983,2025,9,test,296,Veg_Meadow_497
EXPLAINED_E2,202607271002,542,25170,099,94.4780642191,32.9165177983,2023,7,test,270,Veg_Meadow_497
EXPLAINED_E2,202607271002,543,25154,099,94.4780642191,32.9165177983,2022,3,test,254,Veg_Meadow_497
EXPLAINED_E2,202607271002,544,22159,087,94.3837411142,33.6351700256,2024,8,test,283,Veg_Meadow_497
EXPLAINED_E2,202607271002,545,22132,087,94.3837411142,33.6351700256,2022,5,test,256,Veg_Meadow_497
EXPLAINED_E2,202607271002,546,22150,087,94.3837411142,33.6351700256,2023,11,test,274,Veg_Meadow_497
EXPLAINED_E2,202607271002,547,22165,087,94.3837411142,33.6351700256,2025,2,test,289,Veg_Meadow_497
EXPLAINED_E2,202607271002,548,20411,080,95.0170533895,32.8311778464,2025,12,test,299,Veg_Meadow_497
EXPLAINED_E2,202607271002,549,20379,080,95.0170533895,32.8311778464,2023,4,test,267,Veg_Meadow_497
EXPLAINED_E2,202607271002,550,20393,080,95.0170533895,32.8311778464,2024,6,test,281,Veg_Meadow_497
EXPLAINED_E2,202607271002,551,20364,080,95.0170533895,32.8311778464,2022,1,test,252,Veg_Meadow_497
EXPLAINED_E2,202607271002,552,30739,121,95.2640900927,32.8042283878,2025,8,test,295,Veg_Meadow_497
EXPLAINED_E2,202607271002,553,30700,121,95.2640900927,32.8042283878,2022,5,test,256,Veg_Meadow_497
EXPLAINED_E2,202607271002,554,30719,121,95.2640900927,32.8042283878,2023,12,test,275,Veg_Meadow_497
EXPLAINED_E2,202607271002,555,30722,121,95.2640900927,32.8042283878,2024,3,test,278,Veg_Meadow_497
EXPLAINED_E2,202607271002,556,27944,110,94.114246529,33.5363553444,2023,9,test,272,Veg_Meadow_497
EXPLAINED_E2,202607271002,557,27963,110,94.114246529,33.5363553444,2025,4,test,291,Veg_Meadow_497
EXPLAINED_E2,202607271002,558,27953,110,94.114246529,33.5363553444,2024,6,test,281,Veg_Meadow_497
EXPLAINED_E2,202607271002,559,27925,110,94.114246529,33.5363553444,2022,2,test,253,Veg_Meadow_497
EXPLAINED_E2,202607271002,560,61473,243,95.4392615731,32.7548210472,2024,10,test,285,Veg_Sparse
EXPLAINED_E2,202607271002,561,61452,243,95.4392615731,32.7548210472,2023,1,test,264,Veg_Sparse
EXPLAINED_E2,202607271002,562,61486,243,95.4392615731,32.7548210472,2025,11,test,298,Veg_Sparse
EXPLAINED_E2,202607271002,563,61451,243,95.4392615731,32.7548210472,2022,12,test,263,Veg_Sparse
EXPLAINED_E2,202607271002,564,45354,179,95.9737591671,32.7638042,2025,7,test,294,Veg_Meadow_499
EXPLAINED_E2,202607271002,565,45327,179,95.9737591671,32.7638042,2023,4,test,267,Veg_Meadow_499
EXPLAINED_E2,202607271002,566,45338,179,95.9737591671,32.7638042,2024,3,test,278,Veg_Meadow_499
EXPLAINED_E2,202607271002,567,45316,179,95.9737591671,32.7638042,2022,5,test,256,Veg_Meadow_499
EXPLAINED_E2,202607271002,568,31710,125,93.6605973105,33.2174534185,2022,7,test,258,Veg_Meadow_497
EXPLAINED_E2,202607271002,569,31728,125,93.6605973105,33.2174534185,2024,1,test,276,Veg_Meadow_497
EXPLAINED_E2,202607271002,570,31726,125,93.6605973105,33.2174534185,2023,11,test,274,Veg_Meadow_497
EXPLAINED_E2,202607271002,571,31749,125,93.6605973105,33.2174534185,2025,10,test,297,Veg_Meadow_497
EXPLAINED_E2,202607271002,572,235,000,95.5785004421,32.8536357285,2024,8,test,283,Veg_Coniferous
EXPLAINED_E2,202607271002,573,212,000,95.5785004421,32.8536357285,2022,9,test,260,Veg_Coniferous
EXPLAINED_E2,202607271002,574,217,000,95.5785004421,32.8536357285,2023,2,test,265,Veg_Coniferous
EXPLAINED_E2,202607271002,575,245,000,95.5785004421,32.8536357285,2025,6,test,293,Veg_Coniferous
EXPLAINED_E2,202607271002,576,11062,043,94.9406965904,32.9165177983,2023,11,test,274,Veg_Meadow_497
EXPLAINED_E2,202607271002,577,11087,043,94.9406965904,32.9165177983,2025,12,test,299,Veg_Meadow_497
EXPLAINED_E2,202607271002,578,11067,043,94.9406965904,32.9165177983,2024,4,test,279,Veg_Meadow_497
EXPLAINED_E2,202607271002,579,11047,043,94.9406965904,32.9165177983,2022,8,test,259,Veg_Meadow_497
EXPLAINED_E2,202607271002,580,13569,053,95.8749444859,32.6829558245,2022,10,test,261,Veg_Meadow_497
EXPLAINED_E2,202607271002,581,13580,053,95.8749444859,32.6829558245,2023,9,test,272,Veg_Meadow_497
EXPLAINED_E2,202607271002,582,13589,053,95.8749444859,32.6829558245,2024,6,test,281,Veg_Meadow_497
EXPLAINED_E2,202607271002,583,13602,053,95.8749444859,32.6829558245,2025,7,test,294,Veg_Meadow_497
EXPLAINED_E2,202607271002,584,48109,190,93.7459372625,33.6980520955,2024,2,test,277,Veg_Meadow_504
EXPLAINED_E2,202607271002,585,48120,190,93.7459372625,33.6980520955,2025,1,test,288,Veg_Meadow_504
EXPLAINED_E2,202607271002,586,48086,190,93.7459372625,33.6980520955,2022,3,test,254,Veg_Meadow_504
EXPLAINED_E2,202607271002,587,48100,190,93.7459372625,33.6980520955,2023,5,test,268,Veg_Meadow_504
EXPLAINED_E2,202607271002,588,34514,136,94.1367044111,33.0647398202,2025,3,test,290,Veg_Meadow_497
EXPLAINED_E2,202607271002,589,34501,136,94.1367044111,33.0647398202,2024,2,test,277,Veg_Meadow_497
EXPLAINED_E2,202607271002,590,34480,136,94.1367044111,33.0647398202,2022,5,test,256,Veg_Meadow_497
EXPLAINED_E2,202607271002,591,34488,136,94.1367044111,33.0647398202,2023,1,test,264,Veg_Meadow_497
EXPLAINED_E2,202607271002,592,47586,188,93.5752573585,33.5138974623,2022,7,test,258,Veg_Meadow_504
EXPLAINED_E2,202607271002,593,47612,188,93.5752573585,33.5138974623,2024,9,test,284,Veg_Meadow_504
EXPLAINED_E2,202607271002,594,47602,188,93.5752573585,33.5138974623,2023,11,test,274,Veg_Meadow_504
EXPLAINED_E2,202607271002,595,47625,188,93.5752573585,33.5138974623,2025,10,test,297,Veg_Meadow_504
EXPLAINED_E2,202607271002,596,8819,034,94.3028927387,33.6890689427,2025,12,test,299,Veg_Meadow_497
EXPLAINED_E2,202607271002,597,8787,034,94.3028927387,33.6890689427,2023,4,test,267,Veg_Meadow_497
EXPLAINED_E2,202607271002,598,8801,034,94.3028927387,33.6890689427,2024,6,test,281,Veg_Meadow_497
EXPLAINED_E2,202607271002,599,8779,034,94.3028927387,33.6890689427,2022,8,test,259,Veg_Meadow_497
EXPLAINED_E2,202607271002,600,55915,221,95.4617194552,32.7143968594,2023,8,test,271,Veg_Sparse
EXPLAINED_E2,202607271002,601,55938,221,95.4617194552,32.7143968594,2025,7,test,294,Veg_Sparse
EXPLAINED_E2,202607271002,602,55900,221,95.4617194552,32.7143968594,2022,5,test,256,Veg_Sparse
EXPLAINED_E2,202607271002,603,55921,221,95.4617194552,32.7143968594,2024,2,test,277,Veg_Sparse
EXPLAINED_E2,202607271002,604,26952,106,93.6111899699,33.0782145495,2025,1,test,288,Veg_Meadow_497
EXPLAINED_E2,202607271002,605,26936,106,93.6111899699,33.0782145495,2023,9,test,272,Veg_Meadow_497
EXPLAINED_E2,202607271002,606,26949,106,93.6111899699,33.0782145495,2024,10,test,285,Veg_Meadow_497
EXPLAINED_E2,202607271002,607,26918,106,93.6111899699,33.0782145495,2022,3,test,254,Veg_Meadow_497
EXPLAINED_E2,202607271002,608,37546,148,94.7789998392,32.8895683398,2025,11,test,298,Veg_Meadow_497
EXPLAINED_E2,202607271002,609,37525,148,94.7789998392,32.8895683398,2024,2,test,277,Veg_Meadow_497
EXPLAINED_E2,202607271002,610,37516,148,94.7789998392,32.8895683398,2023,5,test,268,Veg_Meadow_497
EXPLAINED_E2,202607271002,611,37506,148,94.7789998392,32.8895683398,2022,7,test,258,Veg_Meadow_497
EXPLAINED_E2,202607271002,612,12303,048,93.7234793804,33.5498300737,2022,4,test,255,Veg_Meadow_497
EXPLAINED_E2,202607271002,613,12341,048,93.7234793804,33.5498300737,2025,6,test,293,Veg_Meadow_497
EXPLAINED_E2,202607271002,614,12323,048,93.7234793804,33.5498300737,2023,12,test,275,Veg_Meadow_497
EXPLAINED_E2,202607271002,615,12334,048,93.7234793804,33.5498300737,2024,11,test,286,Veg_Meadow_497
EXPLAINED_E2,202607271002,616,5516,021,95.7896045339,32.656006366,2023,9,test,272,Veg_Shrub
EXPLAINED_E2,202607271002,617,5527,021,95.7896045339,32.656006366,2024,8,test,283,Veg_Shrub
EXPLAINED_E2,202607271002,618,5501,021,95.7896045339,32.656006366,2022,6,test,257,Veg_Shrub
EXPLAINED_E2,202607271002,619,5533,021,95.7896045339,32.656006366,2025,2,test,289,Veg_Shrub
EXPLAINED_E2,202607271002,620,38006,150,94.1097549526,33.4330490867,2022,3,test,254,Veg_Meadow_497
EXPLAINED_E2,202607271002,621,38049,150,94.1097549526,33.4330490867,2025,10,test,297,Veg_Meadow_497
EXPLAINED_E2,202607271002,622,38016,150,94.1097549526,33.4330490867,2023,1,test,264,Veg_Meadow_497
EXPLAINED_E2,202607271002,623,38036,150,94.1097549526,33.4330490867,2024,9,test,284,Veg_Meadow_497
EXPLAINED_E2,202607271002,624,52623,208,93.7100046511,33.6306784492,2022,4,test,255,Veg_Meadow_504
EXPLAINED_E2,202607271002,625,52655,208,93.7100046511,33.6306784492,2024,12,test,287,Veg_Meadow_504
EXPLAINED_E2,202607271002,626,52661,208,93.7100046511,33.6306784492,2025,6,test,293,Veg_Meadow_504
EXPLAINED_E2,202607271002,627,52639,208,93.7100046511,33.6306784492,2023,8,test,271,Veg_Meadow_504
EXPLAINED_E2,202607271002,628,26188,103,95.1203596472,32.9255009512,2024,5,test,280,Veg_Meadow_497
EXPLAINED_E2,202607271002,629,26202,103,95.1203596472,32.9255009512,2025,7,test,294,Veg_Meadow_497
EXPLAINED_E2,202607271002,630,26167,103,95.1203596472,32.9255009512,2022,8,test,259,Veg_Meadow_497
EXPLAINED_E2,202607271002,631,26173,103,95.1203596472,32.9255009512,2023,2,test,265,Veg_Meadow_497
EXPLAINED_E2,202607271002,632,42039,166,94.5229799833,33.0602482438,2022,4,test,255,Veg_Meadow_497
EXPLAINED_E2,202607271002,633,42060,166,94.5229799833,33.0602482438,2024,1,test,276,Veg_Meadow_497
EXPLAINED_E2,202607271002,634,42057,166,94.5229799833,33.0602482438,2023,10,test,273,Veg_Meadow_497
EXPLAINED_E2,202607271002,635,42082,166,94.5229799833,33.0602482438,2025,11,test,298,Veg_Meadow_497
EXPLAINED_E2,202607271002,636,29711,117,95.5156183722,32.8356694228,2023,12,test,275,Veg_Meadow_497
EXPLAINED_E2,202607271002,637,29714,117,95.5156183722,32.8356694228,2024,3,test,278,Veg_Meadow_497
EXPLAINED_E2,202607271002,638,29732,117,95.5156183722,32.8356694228,2025,9,test,296,Veg_Meadow_497
EXPLAINED_E2,202607271002,639,29693,117,95.5156183722,32.8356694228,2022,6,test,257,Veg_Meadow_497
EXPLAINED_E2,202607271002,640,17884,070,94.8643397912,32.8985514927,2025,5,test,292,Veg_Meadow_497
EXPLAINED_E2,202607271002,641,17874,070,94.8643397912,32.8985514927,2024,7,test,282,Veg_Meadow_497
EXPLAINED_E2,202607271002,642,17863,070,94.8643397912,32.8985514927,2023,8,test,271,Veg_Meadow_497
EXPLAINED_E2,202607271002,643,17845,070,94.8643397912,32.8985514927,2022,2,test,253,Veg_Meadow_497
EXPLAINED_E2,202607271002,644,9024,035,93.858226673,33.3162680998,2022,1,test,252,Veg_Meadow_497
EXPLAINED_E2,202607271002,645,9039,035,93.858226673,33.3162680998,2023,4,test,267,Veg_Meadow_497
EXPLAINED_E2,202607271002,646,9062,035,93.858226673,33.3162680998,2025,3,test,290,Veg_Meadow_497
EXPLAINED_E2,202607271002,647,9057,035,93.858226673,33.3162680998,2024,10,test,285,Veg_Meadow_497
EXPLAINED_E2,202607271002,648,17099,067,95.2236659049,32.9973661739,2022,12,test,263,Veg_Meadow_497
EXPLAINED_E2,202607271002,649,17110,067,95.2236659049,32.9973661739,2023,11,test,274,Veg_Meadow_497
EXPLAINED_E2,202607271002,650,17132,067,95.2236659049,32.9973661739,2025,9,test,296,Veg_Meadow_497
EXPLAINED_E2,202607271002,651,17117,067,95.2236659049,32.9973661739,2024,6,test,281,Veg_Meadow_497
EXPLAINED_E2,202607271002,652,36532,144,94.5274715597,32.934484104,2025,5,test,292,Veg_Meadow_497
EXPLAINED_E2,202607271002,653,36522,144,94.5274715597,32.934484104,2024,7,test,282,Veg_Meadow_497
EXPLAINED_E2,202607271002,654,36499,144,94.5274715597,32.934484104,2022,8,test,259,Veg_Meadow_497
EXPLAINED_E2,202607271002,655,36505,144,94.5274715597,32.934484104,2023,2,test,265,Veg_Meadow_497
EXPLAINED_E2,202607271002,656,27683,109,94.4061989963,33.221944995,2022,12,test,263,Veg_Meadow_497
EXPLAINED_E2,202607271002,657,27708,109,94.4061989963,33.221944995,2025,1,test,288,Veg_Meadow_497
EXPLAINED_E2,202607271002,658,27698,109,94.4061989963,33.221944995,2024,3,test,278,Veg_Meadow_497
EXPLAINED_E2,202607271002,659,27693,109,94.4061989963,33.221944995,2023,10,test,273,Veg_Meadow_497
EXPLAINED_E2,202607271002,660,5002,019,95.3584131975,32.8311778464,2022,11,test,262,Veg_Shrub
EXPLAINED_E2,202607271002,661,5007,019,95.3584131975,32.8311778464,2023,4,test,267,Veg_Shrub
EXPLAINED_E2,202607271002,662,5022,019,95.3584131975,32.8311778464,2024,7,test,282,Veg_Shrub
EXPLAINED_E2,202607271002,663,5028,019,95.3584131975,32.8311778464,2025,1,test,288,Veg_Shrub
EXPLAINED_E2,202607271002,664,12850,050,94.509505254,33.4195743575,2025,11,test,298,Veg_Meadow_497
EXPLAINED_E2,202607271002,665,12836,050,94.509505254,33.4195743575,2024,9,test,284,Veg_Meadow_497
EXPLAINED_E2,202607271002,666,12809,050,94.509505254,33.4195743575,2022,6,test,257,Veg_Meadow_497
EXPLAINED_E2,202607271002,667,12820,050,94.509505254,33.4195743575,2023,5,test,268,Veg_Meadow_497
EXPLAINED_E2,202607271002,668,56942,225,94.819424027,32.965925139,2025,3,test,290,Veg_Sparse
EXPLAINED_E2,202607271002,669,56927,225,94.819424027,32.965925139,2023,12,test,275,Veg_Sparse
EXPLAINED_E2,202607271002,670,56913,225,94.819424027,32.965925139,2022,10,test,261,Veg_Sparse
EXPLAINED_E2,202607271002,671,56931,225,94.819424027,32.965925139,2024,4,test,279,Veg_Sparse
EXPLAINED_E2,202607271002,672,40059,158,94.7745082628,32.9075346455,2025,4,test,291,Veg_Meadow_497
EXPLAINED_E2,202607271002,673,40039,158,94.7745082628,32.9075346455,2023,8,test,271,Veg_Meadow_497
EXPLAINED_E2,202607271002,674,40021,158,94.7745082628,32.9075346455,2022,2,test,253,Veg_Meadow_497
EXPLAINED_E2,202607271002,675,40050,158,94.7745082628,32.9075346455,2024,7,test,282,Veg_Meadow_497
EXPLAINED_E2,202607271002,676,29960,118,95.5785004421,32.795245235,2023,9,test,272,Veg_Meadow_497
EXPLAINED_E2,202607271002,677,29985,118,95.5785004421,32.795245235,2025,10,test,297,Veg_Meadow_497
EXPLAINED_E2,202607271002,678,29944,118,95.5785004421,32.795245235,2022,5,test,256,Veg_Meadow_497
EXPLAINED_E2,202607271002,679,29974,118,95.5785004421,32.795245235,2024,11,test,286,Veg_Meadow_497
EXPLAINED_E2,202607271002,680,2495,009,95.7491803461,32.6919389773,2023,12,test,275,Veg_Coniferous
EXPLAINED_E2,202607271002,681,2498,009,95.7491803461,32.6919389773,2024,3,test,278,Veg_Coniferous
EXPLAINED_E2,202607271002,682,2508,009,95.7491803461,32.6919389773,2025,1,test,288,Veg_Coniferous
EXPLAINED_E2,202607271002,683,2475,009,95.7491803461,32.6919389773,2022,4,test,255,Veg_Coniferous
EXPLAINED_E2,202607271002,684,39269,155,95.2910395512,32.9299925276,2022,6,test,257,Veg_Meadow_497
EXPLAINED_E2,202607271002,685,39282,155,95.2910395512,32.9299925276,2023,7,test,270,Veg_Meadow_497
EXPLAINED_E2,202607271002,686,39301,155,95.2910395512,32.9299925276,2025,2,test,289,Veg_Meadow_497
EXPLAINED_E2,202607271002,687,39295,155,95.2910395512,32.9299925276,2024,8,test,283,Veg_Meadow_497
EXPLAINED_E2,202607271002,688,58690,232,94.6756935816,32.9389756805,2023,11,test,274,Veg_Sparse
EXPLAINED_E2,202607271002,689,58673,232,94.6756935816,32.9389756805,2022,6,test,257,Veg_Sparse
EXPLAINED_E2,202607271002,690,58704,232,94.6756935816,32.9389756805,2025,1,test,288,Veg_Sparse
EXPLAINED_E2,202607271002,691,58700,232,94.6756935816,32.9389756805,2024,9,test,284,Veg_Sparse
EXPLAINED_E2,202607271002,692,33263,131,94.6756935816,32.9030430691,2025,12,test,299,Veg_Meadow_497
EXPLAINED_E2,202607271002,693,33242,131,94.6756935816,32.9030430691,2024,3,test,278,Veg_Meadow_497
EXPLAINED_E2,202607271002,694,33231,131,94.6756935816,32.9030430691,2023,4,test,267,Veg_Meadow_497
EXPLAINED_E2,202607271002,695,33216,131,94.6756935816,32.9030430691,2022,1,test,252,Veg_Meadow_497
EXPLAINED_E2,202607271002,696,1240,004,95.6099414771,32.7997368114,2024,5,test,280,Veg_Coniferous
EXPLAINED_E2,202607271002,697,1221,004,95.6099414771,32.7997368114,2022,10,test,261,Veg_Coniferous
EXPLAINED_E2,202607271002,698,1254,004,95.6099414771,32.7997368114,2025,7,test,294,Veg_Coniferous
EXPLAINED_E2,202607271002,699,1234,004,95.6099414771,32.7997368114,2023,11,test,274,Veg_Coniferous
EXPLAINED_E2,202607271002,700,5251,020,95.2640900927,33.0647398202,2022,8,test,259,Veg_Shrub
EXPLAINED_E2,202607271002,701,5288,020,95.2640900927,33.0647398202,2025,9,test,296,Veg_Shrub
EXPLAINED_E2,202607271002,702,5273,020,95.2640900927,33.0647398202,2024,6,test,281,Veg_Shrub
EXPLAINED_E2,202607271002,703,5258,020,95.2640900927,33.0647398202,2023,3,test,266,Veg_Shrub
EXPLAINED_E2,202607271002,704,47368,187,93.5932236642,33.6306784492,2025,5,test,292,Veg_Meadow_504
EXPLAINED_E2,202607271002,705,47339,187,93.5932236642,33.6306784492,2022,12,test,263,Veg_Meadow_504
EXPLAINED_E2,202607271002,706,47341,187,93.5932236642,33.6306784492,2023,2,test,265,Veg_Meadow_504
EXPLAINED_E2,202607271002,707,47361,187,93.5932236642,33.6306784492,2024,10,test,285,Veg_Meadow_504
EXPLAINED_E2,202607271002,708,2235,008,95.5515509836,32.8266862699,2023,4,test,267,Veg_Coniferous
EXPLAINED_E2,202607271002,709,2248,008,95.5515509836,32.8266862699,2024,5,test,280,Veg_Coniferous
EXPLAINED_E2,202607271002,710,2226,008,95.5515509836,32.8266862699,2022,7,test,258,Veg_Coniferous
EXPLAINED_E2,202607271002,711,2263,008,95.5515509836,32.8266862699,2025,8,test,295,Veg_Coniferous
EXPLAINED_E2,202607271002,712,41282,163,94.3792495378,33.7294931305,2022,3,test,254,Veg_Meadow_497
EXPLAINED_E2,202607271002,713,41327,163,94.3792495378,33.7294931305,2025,12,test,299,Veg_Meadow_497
EXPLAINED_E2,202607271002,714,41301,163,94.3792495378,33.7294931305,2023,10,test,273,Veg_Meadow_497
EXPLAINED_E2,202607271002,715,41304,163,94.3792495378,33.7294931305,2024,1,test,276,Veg_Meadow_497
EXPLAINED_E2,202607271002,716,56161,222,95.8929107915,32.6694810952,2023,2,test,265,Veg_Sparse
EXPLAINED_E2,202607271002,717,56189,222,95.8929107915,32.6694810952,2025,6,test,293,Veg_Sparse
EXPLAINED_E2,202607271002,718,56180,222,95.8929107915,32.6694810952,2024,9,test,284,Veg_Sparse
EXPLAINED_E2,202607271002,719,56158,222,95.8929107915,32.6694810952,2022,11,test,262,Veg_Sparse
EXPLAINED_E2,202607271002,720,47863,189,94.2624685509,32.9165177983,2024,8,test,283,Veg_Meadow_504
EXPLAINED_E2,202607271002,721,47878,189,94.2624685509,32.9165177983,2025,11,test,298,Veg_Meadow_504
EXPLAINED_E2,202607271002,722,47846,189,94.2624685509,32.9165177983,2023,3,test,266,Veg_Meadow_504
EXPLAINED_E2,202607271002,723,47835,189,94.2624685509,32.9165177983,2022,4,test,255,Veg_Meadow_504
EXPLAINED_E2,202607271002,724,49097,194,94.3343337736,33.1141471609,2022,6,test,257,Veg_Meadow_504
EXPLAINED_E2,202607271002,725,49124,194,94.3343337736,33.1141471609,2024,9,test,284,Veg_Meadow_504
EXPLAINED_E2,202607271002,726,49134,194,94.3343337736,33.1141471609,2025,7,test,294,Veg_Meadow_504
EXPLAINED_E2,202607271002,727,49104,194,94.3343337736,33.1141471609,2023,1,test,264,Veg_Meadow_504
EXPLAINED_E2,202607271002,728,57664,228,94.5139968304,32.9075346455,2022,5,test,256,Veg_Sparse
EXPLAINED_E2,202607271002,729,57707,228,94.5139968304,32.9075346455,2025,12,test,299,Veg_Sparse
EXPLAINED_E2,202607271002,730,57681,228,94.5139968304,32.9075346455,2023,10,test,273,Veg_Sparse
EXPLAINED_E2,202607271002,731,57687,228,94.5139968304,32.9075346455,2024,4,test,279,Veg_Sparse
EXPLAINED_E2,202607271002,732,3733,014,95.7177393111,32.6964305537,2022,2,test,253,Veg_Coniferous
EXPLAINED_E2,202607271002,733,3758,014,95.7177393111,32.6964305537,2024,3,test,278,Veg_Coniferous
EXPLAINED_E2,202607271002,734,3749,014,95.7177393111,32.6964305537,2023,6,test,269,Veg_Coniferous
EXPLAINED_E2,202607271002,735,3768,014,95.7177393111,32.6964305537,2025,1,test,288,Veg_Coniferous
EXPLAINED_E2,202607271002,736,40567,160,95.214682752,33.0108409032,2025,8,test,295,Veg_Meadow_497
EXPLAINED_E2,202607271002,737,40532,160,95.214682752,33.0108409032,2022,9,test,260,Veg_Meadow_497
EXPLAINED_E2,202607271002,738,40546,160,95.214682752,33.0108409032,2023,11,test,274,Veg_Meadow_497
EXPLAINED_E2,202607271002,739,40554,160,95.214682752,33.0108409032,2024,7,test,282,Veg_Meadow_497
EXPLAINED_E2,202607271002,740,17341,068,95.2281574813,33.0243156324,2022,2,test,253,Veg_Meadow_497
EXPLAINED_E2,202607271002,741,17368,068,95.2281574813,33.0243156324,2024,5,test,280,Veg_Meadow_497
EXPLAINED_E2,202607271002,742,17379,068,95.2281574813,33.0243156324,2025,4,test,291,Veg_Meadow_497
EXPLAINED_E2,202607271002,743,17357,068,95.2281574813,33.0243156324,2023,6,test,269,Veg_Meadow_497
EXPLAINED_E2,202607271002,744,16127,063,94.2714517037,33.4779648509,2025,12,test,299,Veg_Meadow_497
EXPLAINED_E2,202607271002,745,16113,063,94.2714517037,33.4779648509,2024,10,test,285,Veg_Meadow_497
EXPLAINED_E2,202607271002,746,16080,063,94.2714517037,33.4779648509,2022,1,test,252,Veg_Meadow_497
EXPLAINED_E2,202607271002,747,16102,063,94.2714517037,33.4779648509,2023,11,test,274,Veg_Meadow_497
EXPLAINED_E2,202607271002,748,55166,218,94.9541713196,33.2668607592,2024,3,test,278,Veg_Sparse
EXPLAINED_E2,202607271002,749,55182,218,94.9541713196,33.2668607592,2025,7,test,294,Veg_Sparse
EXPLAINED_E2,202607271002,750,55147,218,94.9541713196,33.2668607592,2022,8,test,259,Veg_Sparse
EXPLAINED_E2,202607271002,751,55152,218,94.9541713196,33.2668607592,2023,1,test,264,Veg_Sparse
EXPLAINED_E2,202607271002,752,60189,238,94.4061989963,33.3387259819,2022,10,test,261,Veg_Sparse
EXPLAINED_E2,202607271002,753,60200,238,94.4061989963,33.3387259819,2023,9,test,272,Veg_Sparse
EXPLAINED_E2,202607271002,754,60227,238,94.4061989963,33.3387259819,2025,12,test,299,Veg_Sparse
EXPLAINED_E2,202607271002,755,60205,238,94.4061989963,33.3387259819,2024,2,test,277,Veg_Sparse
EXPLAINED_E2,202607271002,756,50380,199,93.5932236642,33.4599985452,2024,5,test,280,Veg_Meadow_504
EXPLAINED_E2,202607271002,757,50366,199,93.5932236642,33.4599985452,2023,3,test,266,Veg_Meadow_504
EXPLAINED_E2,202607271002,758,50362,199,93.5932236642,33.4599985452,2022,11,test,262,Veg_Meadow_504
EXPLAINED_E2,202607271002,759,50395,199,93.5932236642,33.4599985452,2025,8,test,295,Veg_Meadow_504
EXPLAINED_E2,202607271002,760,49347,195,93.6471225812,33.6486447549,2022,4,test,255,Veg_Meadow_504
EXPLAINED_E2,202607271002,761,49376,195,93.6471225812,33.6486447549,2024,9,test,284,Veg_Meadow_504
EXPLAINED_E2,202607271002,762,49357,195,93.6471225812,33.6486447549,2023,2,test,265,Veg_Meadow_504
EXPLAINED_E2,202607271002,763,49385,195,93.6471225812,33.6486447549,2025,6,test,293,Veg_Meadow_504
EXPLAINED_E2,202607271002,764,3249,012,95.5740088657,32.8177031171,2023,10,test,273,Veg_Coniferous
EXPLAINED_E2,202607271002,765,3275,012,95.5740088657,32.8177031171,2025,12,test,299,Veg_Coniferous
EXPLAINED_E2,202607271002,766,3238,012,95.5740088657,32.8177031171,2022,11,test,262,Veg_Coniferous
EXPLAINED_E2,202607271002,767,3260,012,95.5740088657,32.8177031171,2024,9,test,284,Veg_Coniferous
EXPLAINED_E2,202607271002,768,61194,242,94.3882326906,32.9614335626,2022,7,test,258,Veg_Sparse
EXPLAINED_E2,202607271002,769,61228,242,94.3882326906,32.9614335626,2025,5,test,292,Veg_Sparse
EXPLAINED_E2,202607271002,770,61205,242,94.3882326906,32.9614335626,2023,6,test,269,Veg_Sparse
EXPLAINED_E2,202607271002,771,61214,242,94.3882326906,32.9614335626,2024,3,test,278,Veg_Sparse
EXPLAINED_E2,202607271002,772,15589,061,94.4870473719,33.4824564273,2023,2,test,265,Veg_Meadow_497
EXPLAINED_E2,202607271002,773,15615,061,94.4870473719,33.4824564273,2025,4,test,291,Veg_Meadow_497
EXPLAINED_E2,202607271002,774,15580,061,94.4870473719,33.4824564273,2022,5,test,256,Veg_Meadow_497
EXPLAINED_E2,202607271002,775,15607,061,94.4870473719,33.4824564273,2024,8,test,283,Veg_Meadow_497
EXPLAINED_E2,202607271002,776,52125,206,93.9031424372,33.4375406631,2022,10,test,261,Veg_Meadow_504
EXPLAINED_E2,202607271002,777,52152,206,93.9031424372,33.4375406631,2025,1,test,288,Veg_Meadow_504
EXPLAINED_E2,202607271002,778,52151,206,93.9031424372,33.4375406631,2024,12,test,287,Veg_Meadow_504
EXPLAINED_E2,202607271002,779,52134,206,93.9031424372,33.4375406631,2023,7,test,270,Veg_Meadow_504
EXPLAINED_E2,202607271002,780,36018,142,94.9092555554,32.8671104577,2024,7,test,282,Veg_Meadow_497
EXPLAINED_E2,202607271002,781,36002,142,94.9092555554,32.8671104577,2023,3,test,266,Veg_Meadow_497
EXPLAINED_E2,202607271002,782,35996,142,94.9092555554,32.8671104577,2022,9,test,260,Veg_Meadow_497
EXPLAINED_E2,202607271002,783,36029,142,94.9092555554,32.8671104577,2025,6,test,293,Veg_Meadow_497
EXPLAINED_E2,202607271002,784,44059,174,95.9647760143,32.6649895188,2022,8,test,259,Veg_Meadow_499
EXPLAINED_E2,202607271002,785,44068,174,95.9647760143,32.6649895188,2023,5,test,268,Veg_Meadow_499
EXPLAINED_E2,202607271002,786,44079,174,95.9647760143,32.6649895188,2024,4,test,279,Veg_Meadow_499
EXPLAINED_E2,202607271002,787,44089,174,95.9647760143,32.6649895188,2025,2,test,289,Veg_Meadow_499
EXPLAINED_E2,202607271002,788,30480,120,93.7594119918,33.0243156324,2025,1,test,288,Veg_Meadow_497
EXPLAINED_E2,202607271002,789,30453,120,93.7594119918,33.0243156324,2022,10,test,261,Veg_Meadow_497
EXPLAINED_E2,202607271002,790,30479,120,93.7594119918,33.0243156324,2024,12,test,287,Veg_Meadow_497
EXPLAINED_E2,202607271002,791,30466,120,93.7594119918,33.0243156324,2023,11,test,274,Veg_Meadow_497
EXPLAINED_E2,202607271002,792,62227,246,94.1591622932,33.2983017941,2024,8,test,283,Veg_Sparse
EXPLAINED_E2,202607271002,793,62235,246,94.1591622932,33.2983017941,2025,4,test,291,Veg_Sparse
EXPLAINED_E2,202607271002,794,62208,246,94.1591622932,33.2983017941,2023,1,test,264,Veg_Sparse
EXPLAINED_E2,202607271002,795,62206,246,94.1591622932,33.2983017941,2022,11,test,262,Veg_Sparse
EXPLAINED_E2,202607271002,796,10804,042,94.5364547125,33.702543672,2023,5,test,268,Veg_Meadow_497
EXPLAINED_E2,202607271002,797,10789,042,94.5364547125,33.702543672,2022,2,test,253,Veg_Meadow_497
EXPLAINED_E2,202607271002,798,10832,042,94.5364547125,33.702543672,2025,9,test,296,Veg_Meadow_497
EXPLAINED_E2,202607271002,799,10814,042,94.5364547125,33.702543672,2024,3,test,278,Veg_Meadow_497
EXPLAINED_E2,202607271002,800,54165,214,94.4466231841,33.5633048029,2024,10,test,285,Veg_Meadow_504
EXPLAINED_E2,202607271002,801,54150,214,94.4466231841,33.5633048029,2023,7,test,270,Veg_Meadow_504
EXPLAINED_E2,202607271002,802,54179,214,94.4466231841,33.5633048029,2025,12,test,299,Veg_Meadow_504
EXPLAINED_E2,202607271002,803,54137,214,94.4466231841,33.5633048029,2022,6,test,257,Veg_Meadow_504
EXPLAINED_E2,202607271002,804,51622,204,93.6066983935,33.1725376543,2022,11,test,262,Veg_Meadow_504
EXPLAINED_E2,202607271002,805,51640,204,93.6066983935,33.1725376543,2024,5,test,280,Veg_Meadow_504
EXPLAINED_E2,202607271002,806,51648,204,93.6066983935,33.1725376543,2025,1,test,288,Veg_Meadow_504
EXPLAINED_E2,202607271002,807,51627,204,93.6066983935,33.1725376543,2023,4,test,267,Veg_Meadow_504
EXPLAINED_E2,202607271002,808,23910,094,94.8643397912,33.3027933705,2023,7,test,270,Veg_Meadow_497
EXPLAINED_E2,202607271002,809,23921,094,94.8643397912,33.3027933705,2024,6,test,281,Veg_Meadow_497
EXPLAINED_E2,202607271002,810,23935,094,94.8643397912,33.3027933705,2025,8,test,295,Veg_Meadow_497
EXPLAINED_E2,202607271002,811,23895,094,94.8643397912,33.3027933705,2022,4,test,255,Veg_Meadow_497
EXPLAINED_E2,202607271002,812,26677,105,95.0125618131,32.880585187,2023,2,test,265,Veg_Meadow_497
EXPLAINED_E2,202607271002,813,26699,105,95.0125618131,32.880585187,2024,12,test,287,Veg_Meadow_497
EXPLAINED_E2,202607271002,814,26666,105,95.0125618131,32.880585187,2022,3,test,254,Veg_Meadow_497
EXPLAINED_E2,202607271002,815,26708,105,95.0125618131,32.880585187,2025,9,test,296,Veg_Meadow_497
EXPLAINED_E2,202607271002,816,11805,046,94.5409462889,33.0782145495,2022,10,test,261,Veg_Meadow_497
EXPLAINED_E2,202607271002,817,11827,046,94.5409462889,33.0782145495,2024,8,test,283,Veg_Meadow_497
EXPLAINED_E2,202607271002,818,11813,046,94.5409462889,33.0782145495,2023,6,test,269,Veg_Meadow_497
EXPLAINED_E2,202607271002,819,11838,046,94.5409462889,33.0782145495,2025,7,test,294,Veg_Meadow_497
EXPLAINED_E2,202607271002,820,52376,207,94.0783139176,33.6216952964,2022,9,test,260,Veg_Meadow_504
EXPLAINED_E2,202607271002,821,52406,207,94.0783139176,33.6216952964,2025,3,test,290,Veg_Meadow_504
EXPLAINED_E2,202607271002,822,52393,207,94.0783139176,33.6216952964,2024,2,test,277,Veg_Meadow_504
EXPLAINED_E2,202607271002,823,52387,207,94.0783139176,33.6216952964,2023,8,test,271,Veg_Meadow_504
EXPLAINED_E2,202607271002,824,18382,072,95.1652754114,33.0871977023,2024,11,test,286,Veg_Meadow_497
EXPLAINED_E2,202607271002,825,18364,072,95.1652754114,33.0871977023,2023,5,test,268,Veg_Meadow_497
EXPLAINED_E2,202607271002,826,18384,072,95.1652754114,33.0871977023,2025,1,test,288,Veg_Meadow_497
EXPLAINED_E2,202607271002,827,18351,072,95.1652754114,33.0871977023,2022,4,test,255,Veg_Meadow_497
EXPLAINED_E2,202607271002,828,5757,022,95.9737591671,32.7323631651,2022,10,test,261,Veg_Shrub
EXPLAINED_E2,202607271002,829,5783,022,95.9737591671,32.7323631651,2024,12,test,287,Veg_Shrub
EXPLAINED_E2,202607271002,830,5761,022,95.9737591671,32.7323631651,2023,2,test,265,Veg_Shrub
EXPLAINED_E2,202607271002,831,5788,022,95.9737591671,32.7323631651,2025,5,test,292,Veg_Shrub
EXPLAINED_E2,202607271002,832,32984,130,94.4960305247,32.9479588333,2023,9,test,272,Veg_Meadow_497
EXPLAINED_E2,202607271002,833,33002,130,94.4960305247,32.9479588333,2025,3,test,290,Veg_Meadow_497
EXPLAINED_E2,202607271002,834,32997,130,94.4960305247,32.9479588333,2024,10,test,285,Veg_Meadow_497
EXPLAINED_E2,202607271002,835,32975,130,94.4960305247,32.9479588333,2022,12,test,263,Veg_Meadow_497
EXPLAINED_E2,202607271002,836,50861,201,94.3118758915,32.9389756805,2022,6,test,257,Veg_Meadow_504
EXPLAINED_E2,202607271002,837,50886,201,94.3118758915,32.9389756805,2024,7,test,282,Veg_Meadow_504
EXPLAINED_E2,202607271002,838,50892,201,94.3118758915,32.9389756805,2025,1,test,288,Veg_Meadow_504
EXPLAINED_E2,202607271002,839,50878,201,94.3118758915,32.9389756805,2023,11,test,274,Veg_Meadow_504
EXPLAINED_E2,202607271002,840,41789,165,94.5499294418,32.9883830211,2022,6,test,257,Veg_Meadow_497
EXPLAINED_E2,202607271002,841,41820,165,94.5499294418,32.9883830211,2025,1,test,288,Veg_Meadow_497
EXPLAINED_E2,202607271002,842,41814,165,94.5499294418,32.9883830211,2024,7,test,282,Veg_Meadow_497
EXPLAINED_E2,202607271002,843,41803,165,94.5499294418,32.9883830211,2023,8,test,271,Veg_Meadow_497
EXPLAINED_E2,202607271002,844,59961,237,94.1277212583,33.3342344055,2024,10,test,285,Veg_Sparse
EXPLAINED_E2,202607271002,845,59929,237,94.1277212583,33.3342344055,2022,2,test,253,Veg_Sparse
EXPLAINED_E2,202607271002,846,59967,237,94.1277212583,33.3342344055,2025,4,test,291,Veg_Sparse
EXPLAINED_E2,202607271002,847,59951,237,94.1277212583,33.3342344055,2023,12,test,275,Veg_Sparse
EXPLAINED_E2,202607271002,848,10558,041,94.6397609702,33.1231303137,2023,11,test,274,Veg_Meadow_497
EXPLAINED_E2,202607271002,849,10576,041,94.6397609702,33.1231303137,2025,5,test,292,Veg_Meadow_497
EXPLAINED_E2,202607271002,850,10539,041,94.6397609702,33.1231303137,2022,4,test,255,Veg_Meadow_497
EXPLAINED_E2,202607271002,851,10561,041,94.6397609702,33.1231303137,2024,2,test,277,Veg_Meadow_497
EXPLAINED_E2,202607271002,852,19880,078,94.5589125946,33.6666110606,2023,9,test,272,Veg_Meadow_497
EXPLAINED_E2,202607271002,853,19886,078,94.5589125946,33.6666110606,2024,3,test,278,Veg_Meadow_497
EXPLAINED_E2,202607271002,854,19870,078,94.5589125946,33.6666110606,2022,11,test,262,Veg_Meadow_497
EXPLAINED_E2,202607271002,855,19905,078,94.5589125946,33.6666110606,2025,10,test,297,Veg_Meadow_497
EXPLAINED_E2,202607271002,856,42293,167,94.8373903327,33.0871977023,2022,6,test,257,Veg_Meadow_497
EXPLAINED_E2,202607271002,857,42300,167,94.8373903327,33.0871977023,2023,1,test,264,Veg_Meadow_497
EXPLAINED_E2,202607271002,858,42316,167,94.8373903327,33.0871977023,2024,5,test,280,Veg_Meadow_497
EXPLAINED_E2,202607271002,859,42331,167,94.8373903327,33.0871977023,2025,8,test,295,Veg_Meadow_497
EXPLAINED_E2,202607271002,860,4247,016,95.7626550754,32.6919389773,2022,12,test,263,Veg_Shrub
EXPLAINED_E2,202607271002,861,4280,016,95.7626550754,32.6919389773,2025,9,test,296,Veg_Shrub
EXPLAINED_E2,202607271002,862,4262,016,95.7626550754,32.6919389773,2024,3,test,278,Veg_Shrub
EXPLAINED_E2,202607271002,863,4254,016,95.7626550754,32.6919389773,2023,7,test,270,Veg_Shrub
EXPLAINED_E2,202607271002,864,46601,184,95.0125618131,33.0647398202,2024,6,test,281,Veg_Meadow_499
EXPLAINED_E2,202607271002,865,46578,184,95.0125618131,33.0647398202,2022,7,test,258,Veg_Meadow_499
EXPLAINED_E2,202607271002,866,46594,184,95.0125618131,33.0647398202,2023,11,test,274,Veg_Meadow_499
EXPLAINED_E2,202607271002,867,46619,184,95.0125618131,33.0647398202,2025,12,test,299,Veg_Meadow_499
EXPLAINED_E2,202607271002,868,45072,178,95.7716382282,32.7862620822,2023,1,test,264,Veg_Meadow_499
EXPLAINED_E2,202607271002,869,45069,178,95.7716382282,32.7862620822,2022,10,test,261,Veg_Meadow_499
EXPLAINED_E2,202607271002,870,45086,178,95.7716382282,32.7862620822,2024,3,test,278,Veg_Meadow_499
EXPLAINED_E2,202607271002,871,45104,178,95.7716382282,32.7862620822,2025,9,test,296,Veg_Meadow_499
EXPLAINED_E2,202607271002,872,36747,145,95.0844270358,33.1500797722,2022,4,test,255,Veg_Meadow_497
EXPLAINED_E2,202607271002,873,36757,145,95.0844270358,33.1500797722,2023,2,test,265,Veg_Meadow_497
EXPLAINED_E2,202607271002,874,36786,145,95.0844270358,33.1500797722,2025,7,test,294,Veg_Meadow_497
EXPLAINED_E2,202607271002,875,36779,145,95.0844270358,33.1500797722,2024,12,test,287,Veg_Meadow_497
EXPLAINED_E2,202607271002,876,48355,191,93.6291562756,33.446523816,2023,8,test,271,Veg_Meadow_504
EXPLAINED_E2,202607271002,877,48364,191,93.6291562756,33.446523816,2024,5,test,280,Veg_Meadow_504
EXPLAINED_E2,202607271002,878,48337,191,93.6291562756,33.446523816,2022,2,test,253,Veg_Meadow_504
EXPLAINED_E2,202607271002,879,48380,191,93.6291562756,33.446523816,2025,9,test,296,Veg_Meadow_504
EXPLAINED_E2,202607271002,880,25918,102,95.0664607302,33.2938102177,2022,11,test,262,Veg_Meadow_497
EXPLAINED_E2,202607271002,881,25947,102,95.0664607302,33.2938102177,2025,4,test,291,Veg_Meadow_497
EXPLAINED_E2,202607271002,882,25939,102,95.0664607302,33.2938102177,2024,8,test,283,Veg_Meadow_497
EXPLAINED_E2,202607271002,883,25929,102,95.0664607302,33.2938102177,2023,10,test,273,Veg_Meadow_497
EXPLAINED_E2,202607271002,884,24424,096,94.9721376253,33.2399113006,2024,5,test,280,Veg_Meadow_497
EXPLAINED_E2,202607271002,885,24413,096,94.9721376253,33.2399113006,2023,6,test,269,Veg_Meadow_497
EXPLAINED_E2,202607271002,886,24434,096,94.9721376253,33.2399113006,2025,3,test,290,Veg_Meadow_497
EXPLAINED_E2,202607271002,887,24396,096,94.9721376253,33.2399113006,2022,1,test,252,Veg_Meadow_497
EXPLAINED_E2,202607271002,888,58442,231,94.2400106688,33.3162680998,2024,3,test,278,Veg_Sparse
EXPLAINED_E2,202607271002,889,58462,231,94.2400106688,33.3162680998,2025,11,test,298,Veg_Sparse
EXPLAINED_E2,202607271002,890,58420,231,94.2400106688,33.3162680998,2022,5,test,256,Veg_Sparse
EXPLAINED_E2,202607271002,891,58428,231,94.2400106688,33.3162680998,2023,1,test,264,Veg_Sparse
EXPLAINED_E2,202607271002,892,23641,093,93.9839908128,33.0961808552,2022,2,test,253,Veg_Meadow_497
EXPLAINED_E2,202607271002,893,23670,093,93.9839908128,33.0961808552,2024,7,test,282,Veg_Meadow_497
EXPLAINED_E2,202607271002,894,23687,093,93.9839908128,33.0961808552,2025,12,test,299,Veg_Meadow_497
EXPLAINED_E2,202607271002,895,23660,093,93.9839908128,33.0961808552,2023,9,test,272,Veg_Meadow_497
EXPLAINED_E2,202607271002,896,13063,051,94.6083199353,32.9389756805,2022,8,test,259,Veg_Meadow_497
EXPLAINED_E2,202607271002,897,13097,051,94.6083199353,32.9389756805,2025,6,test,293,Veg_Meadow_497
EXPLAINED_E2,202607271002,898,13083,051,94.6083199353,32.9389756805,2024,4,test,279,Veg_Meadow_497
EXPLAINED_E2,202607271002,899,13077,051,94.6083199353,32.9389756805,2023,10,test,273,Veg_Meadow_497
EXPLAINED_E2,202607271002,900,29216,115,94.1187381054,33.275843912,2024,9,test,284,Veg_Meadow_497
EXPLAINED_E2,202607271002,901,29230,115,94.1187381054,33.275843912,2025,11,test,298,Veg_Meadow_497
EXPLAINED_E2,202607271002,902,29197,115,94.1187381054,33.275843912,2023,2,test,265,Veg_Meadow_497
EXPLAINED_E2,202607271002,903,29190,115,94.1187381054,33.275843912,2022,7,test,258,Veg_Meadow_497
EXPLAINED_E2,202607271002,904,19360,076,95.385362656,32.7997368114,2022,5,test,256,Veg_Meadow_497
EXPLAINED_E2,202607271002,905,19394,076,95.385362656,32.7997368114,2025,3,test,290,Veg_Meadow_497
EXPLAINED_E2,202607271002,906,19391,076,95.385362656,32.7997368114,2024,12,test,287,Veg_Meadow_497
EXPLAINED_E2,202607271002,907,19368,076,95.385362656,32.7997368114,2023,1,test,264,Veg_Meadow_497
EXPLAINED_E2,202607271002,908,19623,077,94.5139968304,33.2084702657,2023,4,test,267,Veg_Meadow_497
EXPLAINED_E2,202607271002,909,19641,077,94.5139968304,33.2084702657,2024,10,test,285,Veg_Meadow_497
EXPLAINED_E2,202607271002,910,19651,077,94.5139968304,33.2084702657,2025,8,test,295,Veg_Meadow_497
EXPLAINED_E2,202607271002,911,19613,077,94.5139968304,33.2084702657,2022,6,test,257,Veg_Meadow_497
EXPLAINED_E2,202607271002,912,56658,224,94.0917886469,33.051265091,2022,7,test,258,Veg_Sparse
EXPLAINED_E2,202607271002,913,56695,224,94.0917886469,33.051265091,2025,8,test,295,Veg_Sparse
EXPLAINED_E2,202607271002,914,56672,224,94.0917886469,33.051265091,2023,9,test,272,Veg_Sparse
EXPLAINED_E2,202607271002,915,56681,224,94.0917886469,33.051265091,2024,6,test,281,Veg_Sparse
EXPLAINED_E2,202607271002,916,54664,216,94.2265359395,33.2938102177,2024,5,test,280,Veg_Sparse
EXPLAINED_E2,202607271002,917,54637,216,94.2265359395,33.2938102177,2022,2,test,253,Veg_Sparse
EXPLAINED_E2,202607271002,918,54682,216,94.2265359395,33.2938102177,2025,11,test,298,Veg_Sparse
EXPLAINED_E2,202607271002,919,54659,216,94.2265359395,33.2938102177,2023,12,test,275,Veg_Sparse
EXPLAINED_E2,202607271002,920,54933,217,94.6667104287,33.4644901217,2025,10,test,297,Veg_Sparse
EXPLAINED_E2,202607271002,921,54915,217,94.6667104287,33.4644901217,2024,4,test,279,Veg_Sparse
EXPLAINED_E2,202607271002,922,54900,217,94.6667104287,33.4644901217,2023,1,test,264,Veg_Sparse
EXPLAINED_E2,202607271002,923,54890,217,94.6667104287,33.4644901217,2022,3,test,254,Veg_Sparse
EXPLAINED_E2,202607271002,924,24902,098,95.8030792631,32.9075346455,2022,3,test,254,Veg_Meadow_497
EXPLAINED_E2,202607271002,925,24936,098,95.8030792631,32.9075346455,2025,1,test,288,Veg_Meadow_497
EXPLAINED_E2,202607271002,926,24928,098,95.8030792631,32.9075346455,2024,5,test,280,Veg_Meadow_497
EXPLAINED_E2,202607271002,927,24918,098,95.8030792631,32.9075346455,2023,7,test,270,Veg_Meadow_497
EXPLAINED_E2,202607271002,928,8281,032,94.76552511,33.105164008,2023,2,test,265,Veg_Meadow_497
EXPLAINED_E2,202607271002,929,8314,032,94.76552511,33.105164008,2025,11,test,298,Veg_Meadow_497
EXPLAINED_E2,202607271002,930,8303,032,94.76552511,33.105164008,2024,12,test,287,Veg_Meadow_497
EXPLAINED_E2,202607271002,931,8276,032,94.76552511,33.105164008,2022,9,test,260,Veg_Meadow_497
EXPLAINED_E2,202607271002,932,10311,040,94.1232296818,33.5767795322,2024,4,test,279,Veg_Meadow_497
EXPLAINED_E2,202607271002,933,10289,040,94.1232296818,33.5767795322,2022,6,test,257,Veg_Meadow_497
EXPLAINED_E2,202607271002,934,10303,040,94.1232296818,33.5767795322,2023,8,test,271,Veg_Meadow_497
EXPLAINED_E2,202607271002,935,10329,040,94.1232296818,33.5767795322,2025,10,test,297,Veg_Meadow_497
EXPLAINED_E2,202607271002,936,11582,045,94.5364547125,33.5498300737,2025,3,test,290,Veg_Meadow_497
EXPLAINED_E2,202607271002,937,11579,045,94.5364547125,33.5498300737,2024,12,test,287,Veg_Meadow_497
EXPLAINED_E2,202607271002,938,11560,045,94.5364547125,33.5498300737,2023,5,test,268,Veg_Meadow_497
EXPLAINED_E2,202607271002,939,11552,045,94.5364547125,33.5498300737,2022,9,test,260,Veg_Meadow_497
EXPLAINED_E2,202607271002,940,15078,059,94.9406965904,32.8311778464,2022,7,test,258,Veg_Meadow_497
EXPLAINED_E2,202607271002,941,15106,059,94.9406965904,32.8311778464,2024,11,test,286,Veg_Meadow_497
EXPLAINED_E2,202607271002,942,15109,059,94.9406965904,32.8311778464,2025,2,test,289,Veg_Meadow_497
EXPLAINED_E2,202607271002,943,15084,059,94.9406965904,32.8311778464,2023,1,test,264,Veg_Meadow_497
EXPLAINED_E2,202607271002,944,31977,126,94.4870473719,33.7250015541,2023,10,test,273,Veg_Meadow_497
EXPLAINED_E2,202607271002,945,31963,126,94.4870473719,33.7250015541,2022,8,test,259,Veg_Meadow_497
EXPLAINED_E2,202607271002,946,31985,126,94.4870473719,33.7250015541,2024,6,test,281,Veg_Meadow_497
EXPLAINED_E2,202607271002,947,31995,126,94.4870473719,33.7250015541,2025,4,test,291,Veg_Meadow_497
EXPLAINED_E2,202607271002,948,9827,038,95.0260365424,32.8446525756,2025,12,test,299,Veg_Meadow_497
EXPLAINED_E2,202607271002,949,9793,038,95.0260365424,32.8446525756,2023,2,test,265,Veg_Meadow_497
EXPLAINED_E2,202607271002,950,9782,038,95.0260365424,32.8446525756,2022,3,test,254,Veg_Meadow_497
EXPLAINED_E2,202607271002,951,9812,038,95.0260365424,32.8446525756,2024,9,test,284,Veg_Meadow_497
EXPLAINED_E2,202607271002,952,6027,023,95.7896045339,32.6470232131,2024,4,test,279,Veg_Shrub
EXPLAINED_E2,202607271002,953,6021,023,95.7896045339,32.6470232131,2023,10,test,273,Veg_Shrub
EXPLAINED_E2,202607271002,954,6007,023,95.7896045339,32.6470232131,2022,8,test,259,Veg_Shrub
EXPLAINED_E2,202607271002,955,6036,023,95.7896045339,32.6470232131,2025,1,test,288,Veg_Shrub
EXPLAINED_E2,202607271002,956,27202,107,94.6846767344,33.3971164754,2024,11,test,286,Veg_Meadow_497
EXPLAINED_E2,202607271002,957,27186,107,94.6846767344,33.3971164754,2023,7,test,270,Veg_Meadow_497
EXPLAINED_E2,202607271002,958,27172,107,94.6846767344,33.3971164754,2022,5,test,256,Veg_Meadow_497
EXPLAINED_E2,202607271002,959,27204,107,94.6846767344,33.3971164754,2025,1,test,288,Veg_Meadow_497
EXPLAINED_E2,202607271002,960,26453,104,95.951301285,32.6964305537,2025,6,test,293,Veg_Meadow_497
EXPLAINED_E2,202607271002,961,26435,104,95.951301285,32.6964305537,2023,12,test,275,Veg_Meadow_497
EXPLAINED_E2,202607271002,962,26442,104,95.951301285,32.6964305537,2024,7,test,282,Veg_Meadow_497
EXPLAINED_E2,202607271002,963,26419,104,95.951301285,32.6964305537,2022,8,test,259,Veg_Meadow_497
EXPLAINED_E2,202607271002,964,28696,113,93.772886721,33.105164008,2023,5,test,268,Veg_Meadow_497
EXPLAINED_E2,202607271002,965,28719,113,93.772886721,33.105164008,2025,4,test,291,Veg_Meadow_497
EXPLAINED_E2,202607271002,966,28705,113,93.772886721,33.105164008,2024,2,test,277,Veg_Meadow_497
EXPLAINED_E2,202607271002,967,28689,113,93.772886721,33.105164008,2022,10,test,261,Veg_Meadow_497
EXPLAINED_E2,202607271002,968,14852,058,95.1697669878,32.8716020341,2024,9,test,284,Veg_Meadow_497
EXPLAINED_E2,202607271002,969,14822,058,95.1697669878,32.8716020341,2022,3,test,254,Veg_Meadow_497
EXPLAINED_E2,202607271002,970,14842,058,95.1697669878,32.8716020341,2023,11,test,274,Veg_Meadow_497
EXPLAINED_E2,202607271002,971,14856,058,95.1697669878,32.8716020341,2025,1,test,288,Veg_Meadow_497
EXPLAINED_E2,202607271002,972,39557,156,95.2775648219,32.8266862699,2025,6,test,293,Veg_Meadow_497
EXPLAINED_E2,202607271002,973,39526,156,95.2775648219,32.8266862699,2022,11,test,262,Veg_Meadow_497
EXPLAINED_E2,202607271002,974,39546,156,95.2775648219,32.8266862699,2024,7,test,282,Veg_Meadow_497
EXPLAINED_E2,202607271002,975,39529,156,95.2775648219,32.8266862699,2023,2,test,265,Veg_Meadow_497
EXPLAINED_E2,202607271002,976,35018,138,94.5813704767,32.9299925276,2025,3,test,290,Veg_Meadow_497
EXPLAINED_E2,202607271002,977,34988,138,94.5813704767,32.9299925276,2022,9,test,260,Veg_Meadow_497
EXPLAINED_E2,202607271002,978,35011,138,94.5813704767,32.9299925276,2024,8,test,283,Veg_Meadow_497
EXPLAINED_E2,202607271002,979,35003,138,94.5813704767,32.9299925276,2023,12,test,275,Veg_Meadow_497
EXPLAINED_E2,202607271002,980,7013,027,95.5246015251,32.7188884358,2022,6,test,257,Veg_Shrub
EXPLAINED_E2,202607271002,981,7024,027,95.5246015251,32.7188884358,2023,5,test,268,Veg_Shrub
EXPLAINED_E2,202607271002,982,7033,027,95.5246015251,32.7188884358,2024,2,test,277,Veg_Shrub
EXPLAINED_E2,202607271002,983,7054,027,95.5246015251,32.7188884358,2025,11,test,298,Veg_Shrub
EXPLAINED_E2,202607271002,984,22389,088,94.8418819091,33.2354197242,2022,10,test,261,Veg_Meadow_497
EXPLAINED_E2,202607271002,985,22395,088,94.8418819091,33.2354197242,2023,4,test,267,Veg_Meadow_497
EXPLAINED_E2,202607271002,986,22404,088,94.8418819091,33.2354197242,2024,1,test,276,Veg_Meadow_497
EXPLAINED_E2,202607271002,987,22420,088,94.8418819091,33.2354197242,2025,5,test,292,Veg_Meadow_497
EXPLAINED_E2,202607271002,988,2013,007,95.695281429,32.7054137066,2025,10,test,297,Veg_Coniferous
EXPLAINED_E2,202607271002,989,46827,185,94.9586628961,33.051265091,2022,4,test,255,Veg_Meadow_499
EXPLAINED_E2,202607271002,990,7278,028,95.0395112716,33.1231303137,2023,7,test,270,Veg_Shrub
EXPLAINED_E2,202607271002,991,43552,172,94.9586628961,33.0692313966,2022,5,test,256,Veg_Meadow_499
EXPLAINED_E2,202607271002,992,457,001,95.6279077827,32.7997368114,2022,2,test,253,Veg_Coniferous
EXPLAINED_E2,202607271002,993,4769,018,95.7671466518,32.6470232131,2024,6,test,281,Veg_Shrub
EXPLAINED_E2,202607271002,994,4522,017,95.865961333,32.5931242961,2024,11,test,286,Veg_Shrub
EXPLAINED_E2,202607271002,995,43334,171,95.6279077827,32.8087199643,2025,3,test,290,Veg_Meadow_499
EXPLAINED_E2,202607271002,996,223,000,95.5785004421,32.8536357285,2023,8,test,271,Veg_Coniferous
EXPLAINED_E2,202607271002,997,6275,024,95.2865479748,33.0602482438,2023,12,test,275,Veg_Shrub
EXPLAINED_E2,202607271002,998,3516,013,95.7222308876,32.7009221302,2025,1,test,288,Veg_Coniferous
EXPLAINED_E2,202607271002,999,45092,178,95.7716382282,32.7862620822,2024,9,test,284,Veg_Meadow_499
